desc,type,node,pmax,pmin,fuelcost,inflow_fac,inflow_ref,storage_cap,storage_price,storage_ini,storval_filling_ref,storval_time_ref,pump_cap,pump_efficiency,pump_deadband
Hydro-Ticino-III,hydro,CH-29,1025,0,0.5,0.309921023,hydro_3,652522.2551,65,0.5,hydro,const,,,
Hydro Valais I,hydro,CH-36,615,0,0.5,0.309921023,hydro_3,391513.3531,65,0.5,hydro,const,240,0.9,1.7
Gsogen,nuclear,CH-19,1011.17015,0,11,0.908,const,,,,,,,,
Liebstadt,nuclear,CH-2,1234.222388,0,11,0.908,const,,,,,,,,
Hydro Ticino II,hydro,CH-37,1148,0,0.5,0.309921023,hydro_3,730824.9258,65,0.5,hydro,const,185,0.9,1.7
Breznau,nuclear,CH_laufe,723.6805967,0,11,0.908,const,,,,,,,,
gasCH,gas,CH-16,182.2585925,0,70,0.8,const,,,,,,,,
Hydro Valais III,hydro,CH_verbo,717.5,0,0.5,0.309921023,hydro_3,456765.5786,65,0.5,hydro,const,,,
Mulheberg,nuclear,CH-26,351.9268655,0,11,0.908,const,,,,,,,,
hydroCH,hydro,CH_Prade,512.4999999,0,0.5,0.309921023,hydro_3,326261.1276,65,0.5,hydro,const,,,
Hinterrein II,hydro,CH-25,922.5,0,0.5,0.309921023,hydro_3,587270.0297,65,0.5,hydro,const,,,
Glarus Hydro II,hydro,CH-23,512.4999999,0,0.5,0.309921023,hydro_3,326261.1276,65,0.5,hydro,const,141,0.9,1.7
Hydro Valais V,hydro,CH-40,1025,0,0.5,0.309921023,hydro_3,652522.2551,65,0.5,hydro,const,350,0.9,1.7
Sargarserland,hydro,CH-27,512.4999999,0,0.5,0.309921023,hydro_3,326261.1276,65,0.5,hydro,const,,,
Hydro Valais II,hydro,CH_ridde,717.5,0,0.5,0.309921023,hydro_3,456765.5786,65,0.5,hydro,const,360,0.9,1.7
Hydro Ticino I,hydro,CH-39,1189.000001,0,0.5,0.309921023,hydro_3,756925.8164,65,0.5,hydro,const,160,0.9,1.7
Hydro Valais IV,hydro,CH-43,820,0,0.5,0.309921023,hydro_3,522017.8042,65,0.5,hydro,const,164,0.9,1.7
Vouvry,gas,CH-47,116.9803505,0,70,0.8,const,,,,,,,,
CHP distributed,gas,CH-40,164.761057,0,70,0.8,const,,,,,,,,
Hydro argau,hydro,CH-13,1004.5,0,0.5,0.309921023,hydro_3,639471.8101,65,0.5,hydro,const,,,
Limmern,hydro,CH-22,451,0,0.5,0.309921023,hydro_3,287109.7923,65,0.5,hydro,const,135,0.9,1.7
HydroCH1,hydro,CH-24,1025,0,0.5,0.309921023,hydro_3,652522.2551,65,0.5,hydro,const,47,0.9,1.7
Glarus Hydro I,hydro,CH-20,594.5,0,0.5,0.309921023,hydro_3,378462.908,65,0.5,hydro,const,480,0.9,1.7
Hinterrein I,hydro,CH-21,1025,0,0.5,0.309921023,hydro_3,652522.2551,65,0.5,hydro,const,370,0.9,1.7
winterthur_waste,other_res,CH-4,526,0,50,0.75,const,,,,,,,,
pistor_pv,solar_pv,CH-14,149.25,0,0.5,0.104108058,sol_CH,,,,,,,,
chur_pv,solar_pv,CH-21,149.25,0,0.5,0.104108058,sol_CH,,,,,,,,
Flerden_pv,solar_pv,CH-23,149.25,0,0.5,0.104108058,sol_CH,,,,,,,,
Sig Solar,solar_pv,CH_verbo,149.25,0,0.5,0.104108058,sol_CH,,,,,,,,
Moutier,wind,CH_Basse,27.5,0,0.5,0.188513259,wind_CH,,,,,,,,
Gaiss,wind,CH-1,27.5,0,0.5,0.188513259,wind_CH,,,,,,,,
San Esteban,hydro,E-37,581.9864899,0,0.5,0.226055424,hydro_2,556557.4181,47,0.45,hydro,const,,,
Villarino,hydro,E-109,1674.99484,0,0.5,0.226055424,hydro_2,1601808.323,47,0.45,hydro,const,810,0.9,2
Tarragona,gas,E-117,2813.983561,0,70,0.8,const,,,,,,,,
Hydro Castilla y Leon,hydro,E-74,681.9621851,0,0.5,0.226055424,hydro_2,652164.8175,47,0.45,hydro,const,,,
Castellon,coal,E-114,1471.346608,0,60,0.8,const,,,,,,,,
Escatron,gas,E-104,2813.983561,0,70,0.8,const,,,,,,,,
Pasajes,coal,E-28,183.918326,0,60,0.8,const,,,,,,,,
Aldea da Villa I,hydro,E-139,957.1399089,0,0.5,0.226055424,hydro_2,915319.0421,47,0.45,hydro,const,229,0.9,2
Almaraz,nuclear,E-140,2031.111707,0,11,0.879,const,,,,,,,,
Hydro Cataluna,hydro,E-48,4187.487102,0,0.5,0.226055424,hydro_2,4004520.81,47,0.45,hydro,const,468,0.9,2
Besos,gas,E-102,1406.991781,0,70,0.8,const,,,,,,,,
Anllares,coal,E-26,735.6733041,0,60,0.8,const,,,,,,,,
Foix,oil,E_Vic,2328.084577,0,162,1,const,,,,,,,,
La Robla,coal,E-27,514.9713129,0,60,0.8,const,,,,,,,,
Compostilla,coal,E-29,882.8079649,0,60,0.8,const,,,,,,,,
Arrubal,gas,E-73,1406.991781,0,70,0.8,const,,,,,,,,
Meirama,coal,E-22,441.4039824,0,60,0.8,const,,,,,,,,
Trillo,nuclear,E-120,1086.644763,0,11,0.879,const,,,,,,,,
Vandellos,nuclear,E-108,1103.909212,0,11,0.879,const,,,,,,,,
Garona,nuclear,E-73,507.7779271,0,11,0.879,const,,,,,,,,
aguayo,hydro,E-18,605.3909924,0,0.5,0.226055424,hydro_2,578939.2941,47,0.45,hydro,const,360,0.9,2
Conso,hydro,E-67,358.9274658,0,0.5,0.226055424,hydro_2,343244.6407,47,0.45,hydro,const,228,0.9,2
Bahia de Bizcaia,gas,E-E_Arka,2374.29863,0,70,0.8,const,,,,,,,,
Hydro Soutelo,hydro,E-63,299.1062215,0,0.5,0.226055424,hydro_2,286037.2006,47,0.45,hydro,const,315,0.9,2
Hydroelectric Asturias,hydro,E-9,717.8549317,0,0.5,0.226055424,hydro_2,686489.2816,47,0.45,hydro,const,133,0.9,2
Hydro Aragon I,hydro,E-60,490.5342034,0,0.5,0.226055424,hydro_2,469101.0091,47,0.45,hydro,const,84,0.9,2
Cercs,coal,E-59,117.7077286,0,60,0.8,const,,,,,,,,
Bahia de Algerciras,gas,E-193,2813.983561,0,70,0.8,const,,,,,,,,
Narcea,coal,E-8,441.4039824,0,60,0.8,const,,,,,,,,
Los Barrios,gas,E-192,3165.731507,0,70,0.8,const,,,,,,,,
Calzadilla de los Barros,solar_pv,E-164,2436.525,0,0.5,0.196015013,solar_ES_S,,,,,,,,
Hydro Aragon II,hydro,E-57,478.5699545,0,0.5,0.226055424,hydro_2,457659.5211,47,0.45,hydro,const,219,0.9,2
Litoral de Almeira,coal,E-183,853.3810327,0,60,0.8,const,,,,,,,,
Escombreras,coal,E-177,406.8273371,0,60,0.8,const,,,,,,,,
BW Solar 1,solar_pv,E-220,1848.005259,0,0.5,0.106576808,sol_DE_S,,,,,,,,
Cartagena,gas,E-177,3693.353424,0,70,0.8,const,,,,,,,,
Arcos de la Frontera,gas,E-175,6331.463014,0,70,0.8,const,,,,,,,,
Galicia costa,hydro,E-55,478.5699545,0,0.5,0.226055424,hydro_2,457659.5211,47,0.45,hydro,const,,,
Tajo Encantada,hydro,E-169,1507.495356,0,0.5,0.226055424,hydro_2,1441627.491,47,0.45,hydro,const,360,0.9,2
Royanejos Solarpark,solar_pv,E-154,1522.328017,0,0.5,0.196015013,solar_ES_S,,,,,,,,
Hydro Valenciana,hydro,E-152,1196.424886,0,0.5,0.226055424,hydro_2,1144148.802,47,0.45,hydro,const,2000,0.9,2
Lada,coal,E-7,378.8717516,0,60,0.8,const,,,,,,,,
Cofrentes,nuclear,E-152,812.4446835,0,11,0.879,const,,,,,,,,
Puertollano,coal,E-150,183.918326,0,60,0.8,const,,,,,,,,
HC Carbon,coal,E-4,1140.293621,0,60,0.8,const,,,,,,,,
Saucelle,hydro,E-142,897.3186646,0,0.5,0.226055424,hydro_2,858111.602,47,0.45,hydro,const,,,
Castejon,gas,E_Biesca,1758.739726,0,70,0.8,const,,,,,,,,
Aldea da Villa II,hydro,E-141,598.2124431,0,0.5,0.226055424,hydro_2,572074.4013,47,0.45,hydro,const,1139,0.9,2
As Pontes,coal,E-5,1103.509957,0,60,0.8,const,,,,,,,,
Santurce,coal,E-30,735.6733041,0,60,0.8,const,,,,,,,,
Mino,hydro,E-3,1076.782398,0,0.5,0.226055424,hydro_2,1029733.923,47,0.45,hydro,const,,,
Cedillo,hydro,E-129,837.4974203,0,0.5,0.226055424,hydro_2,800904.1618,47,0.45,hydro,const,54,0.9,2
Teruel,coal,E-119,810.7119811,0,60,0.8,const,,,,,,,,
Jose de Oriol,hydro,E-137,1316.067375,0,0.5,0.226055424,hydro_2,1258563.683,47,0.45,hydro,const,,,
Guardo,coal,E-40,378.8717516,0,60,0.8,const,,,,,,,,
Sabon,oil,E-47,690.9154231,0,162,1,const,,,,,,,,
Escucha,coal,E-136,117.7077286,0,60,0.8,const,,,,,,,,
Tajo,hydro,E-44,442.6772079,0,0.5,0.226055424,hydro_2,423335.057,47,0.45,hydro,const,,,
Sagunto,gas,E-135,2110.487671,0,70,0.8,const,,,,,,,,
Asco,nuclear,E-112,2031.111707,0,11,0.879,const,,,,,,,,
Aceca,gas,E-128,1406.991781,0,70,0.8,const,,,,,,,,
Revin,hydro,F-17lonn,1090.39276,0,0.5,0.278830579,hydro_3,391373.8018,30,0.5,hydro,const,800,0.9,1.2
Vouglans,hydro,F-181,327.1178282,0,0.5,0.278830579,hydro_3,117412.1406,30,0.5,hydro,const,,,
Ouvrage,hydro,F-185,2180.785522,0,0.5,0.278830579,hydro_3,782747.6041,30,0.5,hydro,const,,,
Grand Maison,hydro,F-195,1962.706969,0,0.5,0.278830579,hydro_3,704472.8436,30,0.5,hydro,const,480,0.9,1.2
Hydro Rhone Alpes I,hydro,F-210,1090.39276,0,0.5,0.278830579,hydro_3,391373.8018,30,0.5,hydro,const,,,
nuclearF,nuclear,F-137,1770.973598,0,11,0.796,const,,,,,,,,
Dampierre,nuclear,F-133,1875.148515,0,11,0.796,const,,,,,,,,
Bissorte,hydro,F-212,536.9407026,0,0.5,0.278830579,hydro_3,313099.0416,30,0.5,hydro,const,310,0.9,1.2
Hydro Rhone Alpes II,hydro,F-215,2180.785522,0,0.5,0.278830579,hydro_3,782747.6041,30,0.5,hydro,const,,,
Fassenheim,nuclear,F-100,1875.148515,0,11,0.796,const,,,,,,,,
Norgent sur Seine,nuclear,F-89,2708.547854,0,11,0.796,const,,,,,,,,
Porcheville II,oil,F-98,1564.561403,0,162,1,const,,,,,,,,
Groupe de la Rhone I,hydro,F-226,1090.39276,0,0.5,0.278830579,hydro_3,391373.8018,30,0.5,hydro,const,,,
Brennilis,gas,F-85,2129.145695,0,70,0.8,const,,,,,,,,
Porcheville I,oil,F-74,2659.754386,0,162,1,const,,,,,,,,
Richemont,gas,F-63,915.7615895,0,70,0.8,const,,,,,,,,
Cordemais I,coal,F-160,566.9217391,0,60,0.8,const,,,,,,,,
La maxe,coal,F-63,708.6521739,0,60,0.8,const,,,,,,,,
Hydro Rhone Alpes III,hydro,F-228,545.1963808,0,0.5,0.278830579,hydro_3,195686.901,30,0.5,hydro,const,748,0.9,1.2
Vitry sur Seine,coal,F-59,377.9478261,0,60,0.8,const,,,,,,,,
Cordemais II,oil,F-160,2346.842105,0,162,1,const,,,,,,,,
Hydro Rhone Alpes V,hydro,F-232,545.1963808,0,0.5,0.278830579,hydro_3,195686.901,30,0.5,hydro,const,,,
Lucy,coal,F-174,944.8695652,0,60,0.8,const,,,,,,,,
Carling,coal,F-41,283.4608696,0,60,0.8,const,,,,,,,,
Hemile Huchet,coal,F_Vigy,708.6521739,0,60,0.8,const,,,,,,,,
Flamanville,nuclear,F-34,2708.547854,0,11,0.796,const,,,,,,,,
Le Havre,coal,F-32,708.6521739,0,60,0.8,const,,,,,,,,
Cattenom,nuclear,F-28,5417.09571,0,11,0.796,const,,,,,,,,
Paluel,nuclear,F-19,5417.09571,0,11,0.796,const,,,,,,,,
Hydro Rhone Alpes IV,hydro,F-233,1090.39276,0,0.5,0.278830579,hydro_3,391373.8018,30,0.5,hydro,const,1820,0.9,1.2
HydroF,hydro,F-243,763.2749339,0,0.5,0.278830579,hydro_3,273961.6614,30,0.5,hydro,const,,,
Penly,nuclear,F-15,2708.547854,0,11,0.796,const,,,,,,,,
Chinon,nuclear,F-157,3750.29703,0,11,0.796,const,,,,,,,,
Chooz,nuclear,F-12choo,3021.072607,0,11,0.796,const,,,,,,,,
Bouchain,coal,F-10,141.7304348,0,60,0.8,const,,,,,,,,
Hornaig,coal,F-6Aveli,283.4608696,0,60,0.8,const,,,,,,,,
Gravelines,nuclear,F-2,5625.445545,0,11,0.796,const,,,,,,,,
Dunkerque,gas,F-1,3663.046358,0,70,0.8,const,,,,,,,,
Hydro Midi Pyrennes,hydro,F_pragne,1073.881405,0,0.5,0.278830579,hydro_3,939297.1246,30,0.5,hydro,const,,,
Provance,coal,F-286,425.1913044,0,60,0.8,const,,,,,,,,
Martigues,gas,F-283,3663.046358,0,70,0.8,const,,,,,,,,
Gardanne,coal,F-282,283.4608696,0,60,0.8,const,,,,,,,,
Groupe de la Rhone II,hydro,F-250,1090.39276,0,0.5,0.278830579,hydro_3,391373.8018,30,0.5,hydro,const,958,0.9,1.2
Golfech,nuclear,F-279,2708.547854,0,11,0.796,const,,,,,,,,
Groupe de la Rhone III,hydro,F-256,1090.39276,0,0.5,0.278830579,hydro_3,391373.8018,30,0.5,hydro,const,,,
Hydro Provance,hydro,F-258,2180.785522,0,0.5,0.278830579,hydro_3,782747.6041,30,0.5,hydro,const,,,
Aramon,oil,F-275,2346.842105,0,162,1,const,,,,,,,,
Cruas,nuclear,F-267,3750.29703,0,11,0.796,const,,,,,,,,
Hyro Provance Alpes,hydro,F-269,1744.628416,0,0.5,0.278830579,hydro_3,626198.0828,30,0.5,hydro,const,,,
Saint Albain,nuclear,F-255,2708.547854,0,11,0.796,const,,,,,,,,
Brommat,hydro,F-277,1308.471313,0,0.5,0.278830579,hydro_3,469648.5623,30,0.5,hydro,const,456,0.9,1.2
Hydro Languedoc,hydro,F-281,1744.628416,0,0.5,0.278830579,hydro_3,626198.0828,30,0.5,hydro,const,,,
Tricastin,nuclear,F-249,3750.29703,0,11,0.796,const,,,,,,,,
Civaux,nuclear,F-247,3125.247525,0,11,0.796,const,,,,,,,,
Groupe de la Rhine I,hydro,F-58,1090.39276,0,0.5,0.278830579,hydro_3,391373.8018,30,0.5,hydro,const,,,
Blayais,nuclear,F-238,3750.29703,0,11,0.796,const,,,,,,,,
Bugey,nuclear,F-234,3750.29703,0,11,0.796,const,,,,,,,,
La Rance,hydro,F-85,261.6942625,0,0.5,0.278830579,hydro_3,93929.71246,30,0.5,hydro,const,240,0.9,1.2
Belleville,nuclear,F-142,2708.547854,0,11,0.796,const,,,,,,,,
Groupe de la Rhine II,hydro,F_Sieren,436.1571046,0,0.5,0.278830579,hydro_3,156549.5208,30,0.5,hydro,const,,,
Brindisi II,gas,brindisi,1753.73856,0,78,0.8,const,,,,,,,,
Brindisi I,coal,brindisi,5302.09205,0,68,0.8,const,,,,,,,,
Hydro Campania,hydro,capriati,2214.010039,0,0.5,0.291051206,hydro_3,776620.1898,68,0.52,hydro,const,2150,0.9,2.05
Torvaldaliga Nord,oil,Torvalda,3054.526316,0,162,0.666,const,,,,,,,,
Torvaldaliga Sud,gas,Torvalda,1558.87872,0,78,0.8,const,,,,,,,,
Termoli,gas,Larino,1071.729119,0,78,0.8,const,,,,,,,,
Montalto di Castro,gas,montalto,3751.05192,0,78,0.8,const,,,,,,,,
Hydro Umbria,hydro,Villaval,651.902956,0,0.5,0.291051206,hydro_3,228671.5003,68,0.52,hydro,const,,,
Montorio,hydro,Montori,184.5008365,0,0.5,0.291051206,hydro_3,64718.34912,68,0.52,hydro,const,,,
Gissi,gas,Montori,1948.5984,0,78,0.8,const,,,,,,,,
Piombino,gas,Piomigo,1607.59368,0,78,0.8,const,,,,,,,,
Larderello,gas,Rosen,4002.816323,0,78,0.8,const,,,,,,,,
Santa Barbara,coal,Livorno,331.3807532,0,68,0.8,const,,,,,,,,
Livorno,gas,Livorno,1071.729119,0,78,0.8,const,,,,,,,,
Pietrafitta,gas,arezzo,487.1496,0,78,0.8,const,,,,,,,,
Bastardo,coal,arezzo,198.8284519,0,68,0.8,const,,,,,,,,
Nucleo di Cuneo,hydro,Entracqu,2337.010597,0,0.5,0.291051206,hydro_3,819765.7558,68,0.52,hydro,const,,,
La Spezia,oil,La Spezi,1504.122807,0,162,0.666,const,,,,,,,,
Vado Ligure I,coal,Vado Lig,1219.481171,0,68,0.8,const,,,,,,,,
Vado Ligure II,gas,Genova,389.71968,0,78,0.8,const,,,,,,,,
Hydro Toscana,hydro,Bargi,1230.005577,0,0.5,0.291051206,hydro_3,431455.6609,68,0.52,hydro,const,330,0.9,2.05
Vado Ligure III,gas,Vignole,389.71968,0,78,0.8,const,,,,,,,,
Porto Corsini,gas,PortoCor,2630.60784,0,78,0.8,const,,,,,,,,
gasIT,gas,Piacerza,2338.318079,0,78,0.8,const,,,,,,,,
Trino,gas,Trino,779.4393599,0,78,0.8,const,,,,,,,,
Sermide,gas,Sermide,1139.930064,0,78,0.8,const,,,,,,,,
Hydro Bologna,hydro,Sermide,984.0044617,0,0.5,0.291051206,hydro_3,345164.5287,68,0.52,hydro,const,,,
Ferrera Erbognone,gas,La Casel,1461.4488,0,78,0.8,const,,,,,,,,
Porto Tolle,oil,PortoTol,3054.526316,0,162,0.666,const,,,,,,,,
Chivasso,gas,Chivasso,2192.173199,0,78,0.8,const,,,,,,,,
Ostiglia,gas,Ostiglia,1490.677776,0,78,0.8,const,,,,,,,,
Ferrara,gas,Ostiglia,1315.30392,0,78,0.8,const,,,,,,,,
Tavazzano,gas,Tavazzia,1792.710528,0,78,0.8,const,,,,,,,,
Cassano d'Adda,gas,Tavazzia,1461.4488,0,78,0.8,const,,,,,,,,
Turbigo,gas,Turbigo,2143.45824,0,78,0.8,const,,,,,,,,
Marghera Levante,gas,Camin,2046.02832,0,78,0.8,const,,,,,,,,
Fusina,coal,Camin,1988.284519,0,68,0.8,const,,,,,,,,
Hydro Val d'Aosta,hydro,valpelli,861.003904,0,0.5,0.291051206,hydro_3,302018.9626,68,0.52,hydro,const,1476,0.9,2.05
Hydro Piemonte I,hydro,roncoval,615.0027886,0,0.5,0.291051206,hydro_3,215727.8304,68,0.52,hydro,const,,,
Hydro Lombardia,hydro,Buliciag,3198.014501,0,0.5,0.291051206,hydro_3,1121784.718,68,0.52,hydro,const,1000,0.9,2.05
Roncovalgrande,hydro,roncoval,1230.005577,0,0.5,0.291051206,hydro_3,431455.6609,68,0.52,hydro,const,1036,0.9,2.05
Edolo,hydro,S Fioran,1230.005577,0,0.5,0.291051206,hydro_3,431455.6609,68,0.52,hydro,const,785,0.9,2.05
Monfalcone II,gas,Monfalco,974.2991998,0,78,0.8,const,,,,,,,,
Monfalcone I,coal,Monfalco,463.9330545,0,68,0.8,const,,,,,,,,
Hydro Piemonte II,hydro,Verampio,615.0027886,0,0.5,0.291051206,hydro_3,215727.8304,68,0.52,hydro,const,,,
Hydro Veneto,hydro,Fadalto,1291.505857,0,0.5,0.291051206,hydro_3,453028.4441,68,0.52,hydro,const,210,0.9,2.05
Nucleo di Trento,hydro,Floriano,1660.507529,0,0.5,0.291051206,hydro_3,582465.1423,68,0.52,hydro,const,,,
Hydro Trentino,hydro,Lana,1414.506413,0,0.5,0.291051206,hydro_3,496174.0098,68,0.52,hydro,const,42,0.9,2.05
Hydro Friuli,hydro,Somplago,861.003904,0,0.5,0.291051206,hydro_3,302018.9626,68,0.52,hydro,const,,,
gasIT,gas,priolo,2143.45824,0,78,0.8,const,,,,,,,,
Termini Imerese,gas,termini,1032.757152,0,78,0.8,const,,,,,,,,
Hydro Sicilia,hydro,SFMela,861.003904,0,0.5,0.291051206,hydro_3,302018.9626,68,0.52,hydro,const,,,
SF Mela,oil,SFMela,1480.982456,0,162,0.666,const,,,,,,,,
Hydro Calabria,hydro,mucone,615.0027886,0,0.5,0.291051206,hydro_3,215727.8304,68,0.52,hydro,const,,,
Rizziconi,gas,rossano,3897.1968,0,78,0.8,const,,,,,,,,
Napoli,oil,Levante,925.6140354,0,162,0.666,const,,,,,,,,
Altomonte,oil,taranto,1851.22807,0,162,0.666,const,,,,,,,,
Sparanise,gas,Maddalon,1364.01888,0,78,0.8,const,,,,,,,,
Setubal,oil,P-26,379.4972437,0,162,1,const,,,,,,,,
Sines,coal,P-26,1181.165919,0,60,0.8,const,,,,,,,,
Wind Portugal,wind,P-15,4454,0,0.5,0.302739521,wind_PT,,,,,,,,
Porto Hydro,hydro,P-15,469.6336161,0,0.5,0.308065754,hydro_2,256096.0463,55,0.5,hydro,const,285.6,0.9,1.7
Carregado,oil,P-24,267.5027563,0,162,1,const,,,,,,,,
Tapada de Outerio,gas,P-5,1967.956204,0,70,0.8,const,,,,,,,,
Hydro NL I,hydro,P-4,1174.084041,0,0.5,0.308065754,hydro_2,640240.1161,55,0.5,hydro,const,,,
Hydro Evora,hydro,P-24,506.0302214,0,0.5,0.308065754,hydro_2,275943.4899,55,0.5,hydro,const,442,0.9,1.7
Ribatejo Lisboa,gas,P-24,2416.788321,0,70,0.8,const,,,,,,,,
Alto de Mira,gas,P-20,345.2554745,0,70,0.8,const,,,,,,,,
Hydro NL II,hydro,P-9,1232.788243,0,0.5,0.308065754,hydro_2,672252.1218,55,0.5,hydro,const,,,
Santarem Hydro,hydro,P-20,528.3378181,0,0.5,0.308065754,hydro_2,288108.0521,55,0.5,hydro,const,,,
Tejo,coal,P-20,574.8340809,0,60,0.8,const,,,,,,,,
Hydro Vila Real,hydro,P-7,880.5630303,0,0.5,0.308065754,hydro_2,480180.0869,55,0.5,hydro,const,625.6,0.9,1.7
hydroP,hydro,P-2,880.5630303,0,0.5,0.308065754,hydro_2,480180.0869,55,0.5,hydro,const,,,
PT - all solar,solar_csp,P-26,161,0,0.5,0.208325485,solar_PT,,,,,,,,
Lisbon_waste,other_res,P-23,212,0,50,0.75,const,,,,,,,,
Olmedilla Photovoltaic Park,solar_pv,E-144,365.0786638,0,0.5,0.196015013,solar_ES_S,,,,,,,,
Puertollano,solar_pv,E-163,317.068319,0,0.5,0.196015013,solar_ES_S,,,,,,,,
Solaben,solar_csp,E-150,180.3135889,0,0.5,0.270746476,solar_ES_S,,,,,,,,
Puertollano,solar_csp,E-170,166.2891986,0,0.5,0.270746476,solar_ES_S,,,,,,,,
Solnova,solar_csp,E-178,135.2351916,0,0.5,0.270746476,solar_ES_S,,,,,,,,
Andasol,solar_csp,E-187,135.2351916,0,0.5,0.270746476,solar_ES_S,1125,47,0.5,csp,const,,,
Extresol,solar_csp,E-166,135.2351916,0,0.5,0.270746476,solar_ES_S,1125,47,0.5,csp,const,,,
palma del Rio,solar_csp,E-179,90.15679443,0,0.5,0.270746476,solar_ES_S,,,,,,,,
Manchasol,solar_csp,E-155,90.15679443,0,0.5,0.270746476,solar_ES_S,750,47,0.5,csp,const,,,
Valle,solar_csp,E-177,90.15679443,0,0.5,0.270746476,solar_ES_S,750,47,0.5,csp,const,,,
Helioenergy,solar_csp,E-179,90.15679443,0,0.5,0.270746476,solar_ES_S,,,,,,,,
Aste,solar_csp,E-155,90.15679443,0,0.5,0.270746476,solar_ES_S,800,47,0.5,csp,const,,,
Solacor,solar_csp,E-171,90.15679443,0,0.5,0.270746476,solar_ES_S,,,,,,,,
Helios,solar_csp,E-158,90.15679443,0,0.5,0.270746476,solar_ES_S,,,,,,,,
Termosol,solar_csp,E-150,90.15679443,0,0.5,0.270746476,solar_ES_S,,,,,,,,
El Reboso,solar_csp,E-164,90.15679443,0,0.5,0.270746476,solar_ES_S,,,,,,,,
Alvador 1,solar_csp,E-166,45.07839721,0,0.5,0.270746476,solar_ES_S,,,,,,,,
La Florida,solar_csp,E-166,45.07839721,0,0.5,0.270746476,solar_ES_S,,,,,,,,
Majadas de Tietar,solar_csp,E-145,45.07839721,0,0.5,0.270746476,solar_ES_S,,,,,,,,
La Dehesa,solar_csp,E-154,45.07839721,0,0.5,0.270746476,solar_ES_S,,,,,,,,
lebrija 1,solar_csp,E-190/19,45.07839721,0,0.5,0.270746476,solar_ES_S,,,,,,,,
Astexol 2,solar_csp,E-166,45.07839721,0,0.5,0.270746476,solar_ES_S,375,47,0.5,csp,const,,,
Moron,solar_csp,E-188,45.07839721,0,0.5,0.270746476,solar_ES_S,,,,,,,,
La Africana,solar_csp,E-11,45.07839721,0,0.5,0.270746476,solar_ES_S,375,47,0.5,csp,const,,,
Guzman,solar_csp,E-179,45.07839721,0,0.5,0.270746476,solar_ES_S,,,,,,,,
Olivanza 1,solar_csp,E-166,45.07839721,0,0.5,0.270746476,solar_ES_S,,,,,,,,
Orellana,solar_csp,E-166,45.07839721,0,0.5,0.270746476,solar_ES_S,,,,,,,,
Enerstar Villena,solar_csp,E-168,45.07839721,0,0.5,0.270746476,solar_ES_S,,,,,,,,
Arenales PS,solar_csp,E-188,45.07839721,0,0.5,0.270746476,solar_ES_S,,,,,,,,
Casablanca,solar_csp,E-146,45.07839721,0,0.5,0.270746476,solar_ES_S,,,,,,,,
Puerto Errado,solar_csp,E-173,28.04878049,0,0.5,0.270746476,solar_ES_S,,,,,,,,
Termosolar Borges,solar_csp,E-95,20.03484321,0,0.5,0.270746476,solar_ES_S,,,,,,,,
PS20,solar_csp,E-178,18.03135889,0,0.5,0.270746476,solar_ES_S,,,,,,,,
Gemasolar,solar_csp,E-179,18.03135889,0,0.5,0.270746476,solar_ES_S,,,,,,,,
E-Enipedia Wind,wind,E-95,3563.137615,0,0.5,0.254973627,wind_ES_S,,,,,,,,
E-Enipedia Wind,wind,E-80,2515.155963,0,0.5,0.254973627,wind_ES_S,,,,,,,,
PS10,solar_csp,E-178,10.0174216,0,0.5,0.270746476,solar_ES_S,,,,,,,,
E-Enipedia Wind,wind,E-40,1886.366972,0,0.5,0.254973627,wind_ES_S,,,,,,,,
E-Enipedia Wind,wind,E-37,1676.770642,0,0.5,0.254973627,wind_ES_S,,,,,,,,
E-Enipedia Wind,wind,E-83,1676.770642,0,0.5,0.254973627,wind_ES_S,,,,,,,,
E-Enipedia Wind,wind,E-22,1467.174312,0,0.5,0.254973627,wind_ES_S,,,,,,,,
E-Enipedia Wind,wind,E-193,1467.174312,0,0.5,0.254973627,wind_ES_S,,,,,,,,
E-Enipedia Wind,wind,E-10,1257.577982,0,0.5,0.254973627,wind_ES_S,,,,,,,,
E-Enipedia Wind,wind,E-2,838.3853211,0,0.5,0.254973627,wind_ES_S,,,,,,,,
Crucey Solar Park,solar_pv,F-53,420.9466294,0,0.5,0.140282624,solar_FR_SE,,,,,,,,
Toul-RosiÌÎÌ_Ì´åÇÌÎÌ__ÌÎÌ_ÌÎ_ÌÎå«Ì´åÌÎÌ_Ì´åÇÌÎÌ__ÌÎÌ_ÌÎ_ÌÎÌ_ÌÎ_ÌÎÌ_Ì´åÇÌÎÌ__ÌÎÌ_ÌÎ_ÌÎå«Ì´åÌÎÌ_ÌÎ___ÌÎÌ_Ì´åÇÌÎÌ__ÌÎÌ_ÌÎ_ÌÎå«Ì´åÌÎÌ_ÌÎ__ÌÎÌ_Ì´åÇÌÎÌ_Ì´_ÌÎÌ_ÌÎ___ÌÎÌ_Ì´åÇÌÎÌ__ÌÎÌ_Ì´åÇÌÎå«Ì´åres Solar Park_,solar_pv,F-38,806.8143729,0,0.5,0.140282624,solar_FR_SE,,,,,,,,
BOURDIM,gas,MA-00,437.1883819,0,70,0.8,const,,,,,,,,
OUARZAZA,gas,MA-01,7.399803354,0,70,0.8,const,,,,,,,,
M.YOUSS,gas,MA-04,17.79952699,0,70,0.8,const,,,,,,,,
UR II,hydro,MA-05,66.69545691,0,0.5,0.143747805,hydro,51.30419762,70,0.5,hydro,const,,,
C.T.SAFI,gas,MA-07,980.4739444,0,70,0.8,const,,,,,,,,
MASSIRA,gas,MA-14,93.59751269,0,70,0.8,const,,,,,,,,
JERADA,hydro,MA-16,194.6219842,0,0.5,0.143747805,hydro,149.7092186,70,0.5,hydro,const,,,
A.MELLOU,gas,MA-19,286.6923813,0,70,0.8,const,,,,,,,,
TAZART,hydro,MA-20,278.010019,0,0.5,0.143747805,hydro,213.8538608,70,0.5,hydro,const,,,
LAAYOUNE,gas,MA-24,524.0860727,0,70,0.8,const,,,,,,,,
TIZGUI,gas,MA-25,170.7954612,0,70,0.8,const,,,,,,,,
UR I,hydro,MA-26,200.1612253,0,0.5,0.143747805,hydro,153.9701733,70,0.5,hydro,const,,,
KHENIFRA,hydro,MA-28,77.84879371,0,0.5,0.143747805,hydro,59.88368746,70,0.5,hydro,const,,,
MEDIOUNA,coal,MA-29,1025.845607,0,60,0.8,const,,,,,,,,
CT.KENIT,oil,MA-25,600,0,162,1,const,,,,,,,,
HASS.1ER,gas,MA-31,49.79867662,0,70,0.8,const,,,,,,,,
C.T.M,coal,MA-32,759.1543929,0,60,0.8,const,,,,,,,,
C.JORF1,gas,MA-35,623.9834179,0,70,0.8,const,,,,,,,,
M'ENZEL,hydro,MA-36,111.2339494,0,0.5,0.143747805,hydro,85.56457647,70,0.5,hydro,const,,,
A.FASSI,hydro,MA-38,371.4285714,0,0.5,0.143747805,hydro,285.7142857,70,0.5,hydro,const,,,
TANGER,gas,MA-41,26.69929048,0,70,0.8,const,,,,,,,,
MELOUSSA,gas,MA-43,544.4855305,0,70,0.8,const,,,,,,,,
Tetouan,wind,MA-43,393.5,0,0.5,0.3,wind_ES_S,,,,,,,,
Tanger Wind,wind,MA-41,393.5,0,0.5,0.3,wind_ES_S,,,,,,,,
E-Enipedia Wind,wind,E-5,838.3853211,0,0.5,0.254973627,wind_ES_S,,,,,,,,
E-Enipedia Wind,wind,E-14,628.7889908,0,0.5,0.254973627,wind_ES_S,,,,,,,,
E-Enipedia Wind,wind,E-104,628.7889908,0,0.5,0.254973627,wind_ES_S,,,,,,,,
E-Enipedia Wind,wind,E-26,628.7889908,0,0.5,0.254973627,wind_ES_S,,,,,,,,
E-Enipedia Wind,wind,E-58,628.7889908,0,0.5,0.254973627,wind_ES_S,,,,,,,,
E-Enipedia Wind,wind,E-156,628.7889908,0,0.5,0.254973627,wind_ES_S,,,,,,,,
E-Enipedia Wind,wind,E-185,419.1926606,0,0.5,0.254973627,wind_ES_S,,,,,,,,
E-Enipedia Wind,wind,E-180,419.1926606,0,0.5,0.254973627,wind_ES_S,,,,,,,,
E-Enipedia Wind,wind,E-132,419.1926606,0,0.5,0.254973627,wind_ES_S,,,,,,,,
E-Enipedia Wind,wind,E-178,419.1926606,0,0.5,0.254973627,wind_ES_S,,,,,,,,
E-Enipedia Wind,wind,E-16,419.1926606,0,0.5,0.254973627,wind_ES_S,,,,,,,,
E-Enipedia Wind,wind,E-182,209.5963303,0,0.5,0.254973627,wind_ES_S,,,,,,,,
E-Enipedia Wind,wind,E-84,209.5963303,0,0.5,0.254973627,wind_ES_S,,,,,,,,
Ibersol Badajoz,solar_csp,E-164,1.00174216,0,0.5,0.270746476,solar_ES_S,,,,,,,,
Ibersol Valdecaballeros 1_2,solar_csp,E-150,1.00174216,0,0.5,0.270746476,solar_ES_S,,,,,,,,
Ibersol Sevilla,solar_csp,E-178,1.00174216,0,0.5,0.270746476,solar_ES_S,,,,,,,,
Ibersol AlmerÌÎÌ_Ì´åÇÌÎÌ__ÌÎÌ_ÌÎ_ÌÎå«Ì´åÌÎÌ_Ì´åÇÌÎÌ__ÌÎÌ_ÌÎ_ÌÎÌ_ÌÎ_ÌÎÌ_Ì´åÇÌÎÌ__ÌÎÌ_ÌÎ_ÌÎå«Ì´åÌÎÌ_ÌÎ___ÌÎÌ_Ì´åÇÌÎÌ__ÌÎÌ_ÌÎ_ÌÎå«Ì´åÌÎÌ_ÌÎ__ÌÎÌ_Ì´åÇÌÎÌ_Ì´_ÌÎÌ_ÌÎ___ÌÎÌ_Ì´åÇÌÎÌ__ÌÎÌ_Ì´åÇÌÎå«Ì´åa,solar_csp,E-185,1.00174216,0,0.5,0.270746476,solar_ES_S,,,,,,,,
Ibersol Albacete,solar_csp,E-168,1.00174216,0,0.5,0.270746476,solar_ES_S,,,,,,,,
Ibersol Murcia,solar_csp,E-183,1.00174216,0,0.5,0.270746476,solar_ES_S,,,,,,,,
Ibersol Zamora,solar_csp,E-26,1.00174216,0,0.5,0.270746476,solar_ES_S,,,,,,,,
AZ 20,solar_csp,E-188,1.00174216,0,0.5,0.270746476,solar_ES_S,,,,,,,,
Astexol 1,solar_csp,E-137,1.00174216,0,0.5,0.270746476,solar_ES_S,,,,,,,,
Madrid_waste,other_res,E-127,531,0,50,0.75,const,,,,,,,,
Malaga_waste,other_res,E-189,531,0,50,0.75,const,,,,,,,,
Tarragona_waste,other_res,E-117,531,0,50,0.75,const,,,,,,,,
Paris_waste,other_res,F-40,511.3333333,0,50,0.75,const,,,,,,,,
Rouen_bio,other_res,F-22,511.3333333,0,50,0.75,const,,,,,,,,
Bordeaux_waste,other_res,F-247,511.3333333,0,50,0.75,const,,,,,,,,
F-Enipedia solar,solar_pv,F-38,806.8143729,0,0.5,0.140282624,solar_FR_SE,,,,,,,,
F-Enipedia solar,solar_pv,F-266,470.0570693,0,0.5,0.140282624,solar_FR_SE,,,,,,,,
F-Enipedia solar,solar_pv,F-53,420.9466294,0,0.5,0.140282624,solar_FR_SE,,,,,,,,
F-Enipedia solar,solar_pv,F-127,392.8835207,0,0.5,0.140282624,solar_FR_SE,,,,,,,,
F-Enipedia solar,solar_pv,F-269,182.410206,0,0.5,0.140282624,solar_FR_SE,,,,,,,,
F-Enipedia solar,solar_pv,F-263,168.3786517,0,0.5,0.140282624,solar_FR_SE,,,,,,,,
F-Enipedia solar,solar_pv,F-310,84.18932585,0,0.5,0.140282624,solar_FR_SE,,,,,,,,
F-Enipedia solar,solar_pv,F-287,84.18932585,0,0.5,0.140282624,solar_FR_SE,,,,,,,,
F-Enipedia solar,solar_pv,F-314,182.410206,0,0.5,0.140282624,solar_FR_SE,,,,,,,,
F-Enipedia solar,solar_pv,F-280,200.2864062,0,0.5,0.140282624,solar_FR_SE,,,,,,,,
F-Enipedia solar,solar_pv,F-292,71.56092697,0,0.5,0.140282624,solar_FR_SE,,,,,,,,
F-Enipedia solar,solar_pv,F-294,70.15777154,0,0.5,0.140282624,solar_FR_SE,,,,,,,,
F-Enipedia solar,solar_pv,F-254,70.15777154,0,0.5,0.140282624,solar_FR_SE,,,,,,,,
F-Enipedia solar,solar_pv,F_Baixas,61.73883894,0,0.5,0.140282624,solar_FR_SE,,,,,,,,
F-Enipedia solar,solar_pv,F-87,52.61832866,0,0.5,0.140282624,solar_FR_SE,,,,,,,,
F-Enipedia solar,solar_pv,F-299,45.6025515,0,0.5,0.140282624,solar_FR_SE,,,,,,,,
F-Enipedia solar,solar_pv,F-242,38.58677435,0,0.5,0.140282624,solar_FR_SE,,,,,,,,
F-Enipedia solar,solar_pv,F-309,37.88519664,0,0.5,0.140282624,solar_FR_SE,,,,,,,,
F-Enipedia solar,solar_pv,F-282,65.24672753,0,0.5,0.140282624,solar_FR_SE,,,,,,,,
F-Enipedia solar,solar_pv,F_Mougue,30.16784176,0,0.5,0.140282624,solar_FR_SE,,,,,,,,
F-Enipedia solar,solar_pv,F-267,28.41389749,0,0.5,0.140282624,solar_FR_SE,,,,,,,,
F-Enipedia solar,solar_pv,F-258,17.53944288,0,0.5,0.140282624,solar_FR_SE,,,,,,,,
F-Enipedia solar,solar_pv,F_pragne,15.175126,0,0.5,0.140282624,solar_FR_SE,,,,,,,,
F-Enipedia solar,solar_pv,F-275,9.822088019,0,0.5,0.140282624,solar_FR_SE,,,,,,,,
F-Enipedia wind,wind,F-7,1692.673213,0,0.5,0.223932771,wind_FR_SW,,,,,,,,
F-Enipedia wind,wind,F-17lonn,769.836152,0,0.5,0.223932771,wind_FR_SW,,,,,,,,
F-Enipedia wind,wind,F-2,413.9155906,0,0.5,0.223932771,wind_FR_SW,,,,,,,,
F-Enipedia wind,wind,F-295,308.6772929,0,0.5,0.223932771,wind_FR_SW,,,,,,,,
F-Enipedia wind,wind,F-277,211.5170458,0,0.5,0.223932771,wind_FR_SW,,,,,,,,
F-Enipedia wind,wind,F-46/47,223.8364689,0,0.5,0.223932771,wind_FR_SW,,,,,,,,
F-Enipedia wind,wind,F-99,116.6370678,0,0.5,0.223932771,wind_FR_SW,,,,,,,,
F-Enipedia wind,wind,F-252,108.6574876,0,0.5,0.223932771,wind_FR_SW,,,,,,,,
F-Enipedia wind,wind,F-145,107.3690589,0,0.5,0.223932771,wind_FR_SW,,,,,,,,
F-Enipedia wind,wind,F-48,94.48477181,0,0.5,0.223932771,wind_FR_SW,,,,,,,,
F-Enipedia wind,wind,F-254,83.74786591,0,0.5,0.223932771,wind_FR_SW,,,,,,,,
F-Enipedia wind,wind,F-125,68.71619767,0,0.5,0.223932771,wind_FR_SW,,,,,,,,
F-Enipedia wind,wind,F-18,68.71619767,0,0.5,0.223932771,wind_FR_SW,,,,,,,,
F-Enipedia wind,wind,F-280,120.4430803,0,0.5,0.223932771,wind_FR_SW,,,,,,,,
F-Enipedia wind,wind,F-135,64.42143532,0,0.5,0.223932771,wind_FR_SW,,,,,,,,
F-Enipedia wind,wind,F-296,210.8728315,0,0.5,0.223932771,wind_FR_SW,,,,,,,,
F-Enipedia wind,wind,F-308,89.30958316,0,0.5,0.223932771,wind_FR_SW,,,,,,,,
F-Enipedia wind,wind,F-31,60.12667296,0,0.5,0.223932771,wind_FR_SW,,,,,,,,
F-Enipedia wind,wind,F-30,60.12667296,0,0.5,0.223932771,wind_FR_SW,,,,,,,,
F-Enipedia wind,wind,F-313,172.0052323,0,0.5,0.223932771,wind_FR_SW,,,,,,,,
F-Enipedia wind,wind,F-231,103.0742965,0,0.5,0.223932771,wind_FR_SW,,,,,,,,
F-Enipedia wind,wind,F-69,61.48356782,0,0.5,0.223932771,wind_FR_SW,,,,,,,,
F-Enipedia wind,wind,F-55,127.863606,0,0.5,0.223932771,wind_FR_SW,,,,,,,,
F-Enipedia wind,wind,F-12choo,51.53714825,0,0.5,0.223932771,wind_FR_SW,,,,,,,,
F-Enipedia wind,wind,F-105,51.53714825,0,0.5,0.223932771,wind_FR_SW,,,,,,,,
F-Enipedia wind,wind,F-257,101.5711297,0,0.5,0.223932771,wind_FR_SW,,,,,,,,
F-Enipedia wind,wind,F-36,47.24238591,0,0.5,0.223932771,wind_FR_SW,,,,,,,,
F-Enipedia wind,wind,F-297,69.88431418,0,0.5,0.223932771,wind_FR_SW,,,,,,,,
F-Enipedia wind,wind,F-267,55.88868385,0,0.5,0.223932771,wind_FR_SW,,,,,,,,
F-Enipedia wind,wind,F-314,132.9739319,0,0.5,0.223932771,wind_FR_SW,,,,,,,,
F-Enipedia wind,wind,F-281,42.94762354,0,0.5,0.223932771,wind_FR_SW,,,,,,,,
F-Enipedia wind,wind,F-154/15,41.87393296,0,0.5,0.223932771,wind_FR_SW,,,,,,,,
F-Enipedia wind,wind,F-68,111.5288009,0,0.5,0.223932771,wind_FR_SW,,,,,,,,
F-Enipedia wind,wind,F-160,38.6528612,0,0.5,0.223932771,wind_FR_SW,,,,,,,,
F-Enipedia wind,wind,F_Baixas,152.3189683,0,0.5,0.223932771,wind_FR_SW,,,,,,,,
F-Enipedia wind,wind,F-16,132.9228949,0,0.5,0.223932771,wind_FR_SW,,,,,,,,
F-Enipedia wind,wind,F-312,85.25103272,0,0.5,0.223932771,wind_FR_SW,,,,,,,,
F-Enipedia wind,wind,F-5,218.5753851,0,0.5,0.223932771,wind_FR_SW,,,,,,,,
F-Enipedia wind,wind,F-110,34.35809885,0,0.5,0.223932771,wind_FR_SW,,,,,,,,
F-Enipedia wind,wind,F-11,113.7552381,0,0.5,0.223932771,wind_FR_SW,,,,,,,,
F-Enipedia wind,wind,F-285,53.68452942,0,0.5,0.223932771,wind_FR_SW,,,,,,,,
F-Enipedia wind,wind,F-213,30.92228896,0,0.5,0.223932771,wind_FR_SW,,,,,,,,
F-Enipedia wind,wind,F-142,30.06333647,0,0.5,0.223932771,wind_FR_SW,,,,,,,,
F-Enipedia wind,wind,F-15,46.81290966,0,0.5,0.223932771,wind_FR_SW,,,,,,,,
F-Enipedia wind,wind,F-309,32.22991173,0,0.5,0.223932771,wind_FR_SW,,,,,,,,
F-Enipedia wind,wind,F-67,26.84226471,0,0.5,0.223932771,wind_FR_SW,,,,,,,,
F-Enipedia wind,wind,F-89,44.02131413,0,0.5,0.223932771,wind_FR_SW,,,,,,,,
F-Enipedia wind,wind,F-60,25.76857413,0,0.5,0.223932771,wind_FR_SW,,,,,,,,
F-Enipedia wind,wind,F-4,60.12667296,0,0.5,0.223932771,wind_FR_SW,,,,,,,,
F-Enipedia wind,wind,F-84,37.0423253,0,0.5,0.223932771,wind_FR_SW,,,,,,,,
F-Enipedia wind,wind,F-90,40.37076612,0,0.5,0.223932771,wind_FR_SW,,,,,,,,
F-Enipedia wind,wind,F-180,42.94762354,0,0.5,0.223932771,wind_FR_SW,,,,,,,,
F-Enipedia wind,wind,F-159,51.53714825,0,0.5,0.223932771,wind_FR_SW,,,,,,,,
F-Enipedia wind,wind,F-175,47.24238591,0,0.5,0.223932771,wind_FR_SW,,,,,,,,
F-Enipedia wind,wind,F-146,42.94762354,0,0.5,0.223932771,wind_FR_SW,,,,,,,,
F-Enipedia wind,wind,F-24,69.21421361,0,0.5,0.223932771,wind_FR_SW,,,,,,,,
F-Enipedia wind,wind,F-41,53.57252733,0,0.5,0.223932771,wind_FR_SW,,,,,,,,
F-Enipedia wind,wind,F-149,64.42143532,0,0.5,0.223932771,wind_FR_SW,,,,,,,,
F-Enipedia wind,wind,F-119,25.76857413,0,0.5,0.223932771,wind_FR_SW,,,,,,,,
F-Enipedia wind,wind,F-244,25.76857413,0,0.5,0.223932771,wind_FR_SW,,,,,,,,
F-Enipedia wind,wind,F-235,25.76857413,0,0.5,0.223932771,wind_FR_SW,,,,,,,,
F-Enipedia wind,wind,F-32,30.74182069,0,0.5,0.223932771,wind_FR_SW,,,,,,,,
F-Enipedia wind,wind,F-201,24.69488354,0,0.5,0.223932771,wind_FR_SW,,,,,,,,
F-Enipedia wind,wind,F-275,24.69488354,0,0.5,0.223932771,wind_FR_SW,,,,,,,,
F-Enipedia wind,wind,F-220,24.69488354,0,0.5,0.223932771,wind_FR_SW,,,,,,,,
F-Enipedia wind,wind,F-73,107.6051237,0,0.5,0.223932771,wind_FR_SW,,,,,,,,
F-Enipedia wind,wind,F-8,45.09500471,0,0.5,0.223932771,wind_FR_SW,,,,,,,,
F-Enipedia wind,wind,F-38,22.54750237,0,0.5,0.223932771,wind_FR_SW,,,,,,,,
F-Enipedia wind,wind,F-162,56.9056012,0,0.5,0.223932771,wind_FR_SW,,,,,,,,
F-Enipedia wind,wind,F-123,42.94762354,0,0.5,0.223932771,wind_FR_SW,,,,,,,,
F-Enipedia wind,wind,F-50,42.94762354,0,0.5,0.223932771,wind_FR_SW,,,,,,,,
F-Enipedia wind,wind,F-190/19,38.6528612,0,0.5,0.223932771,wind_FR_SW,,,,,,,,
F-Enipedia wind,wind,F-249,21.47381176,0,0.5,0.223932771,wind_FR_SW,,,,,,,,
F-Enipedia wind,wind,F-20,26.44705832,0,0.5,0.223932771,wind_FR_SW,,,,,,,,
F-Enipedia wind,wind,F-6Aveli,19.75590683,0,0.5,0.223932771,wind_FR_SW,,,,,,,,
F-Enipedia wind,wind,F-88,58.58475031,0,0.5,0.223932771,wind_FR_SW,,,,,,,,
F-Enipedia wind,wind,F-85,41.87393296,0,0.5,0.223932771,wind_FR_SW,,,,,,,,
F-Enipedia wind,wind,F-80,17.82326377,0,0.5,0.223932771,wind_FR_SW,,,,,,,,
F-Enipedia wind,wind,F-78,17.17904942,0,0.5,0.223932771,wind_FR_SW,,,,,,,,
F-Enipedia wind,wind,F-136,30.06333647,0,0.5,0.223932771,wind_FR_SW,,,,,,,,
F-Enipedia wind,wind,F-37,17.17904942,0,0.5,0.223932771,wind_FR_SW,,,,,,,,
F-Enipedia wind,wind,F-214,16.42746601,0,0.5,0.223932771,wind_FR_SW,,,,,,,,
F-Enipedia wind,wind,F-303,14.91966614,0,0.5,0.223932771,wind_FR_SW,,,,,,,,
F-Enipedia wind,wind,F-94,30.57216288,0,0.5,0.223932771,wind_FR_SW,,,,,,,,
F-Enipedia wind,wind,F-92,33.59188087,0,0.5,0.223932771,wind_FR_SW,,,,,,,,
F-Enipedia wind,wind,F-196,12.88428706,0,0.5,0.223932771,wind_FR_SW,,,,,,,,
F-Enipedia wind,wind,F-54,17.17904942,0,0.5,0.223932771,wind_FR_SW,,,,,,,,
F-Enipedia wind,wind,F-113,28.62451753,0,0.5,0.223932771,wind_FR_SW,,,,,,,,
F-Enipedia wind,wind,F-26,10.73690589,0,0.5,0.223932771,wind_FR_SW,,,,,,,,
F-Enipedia wind,wind,F-19,9.663215296,0,0.5,0.223932771,wind_FR_SW,,,,,,,,
F-Enipedia wind,wind,F-172,9.126370003,0,0.5,0.223932771,wind_FR_SW,,,,,,,,
F-Enipedia wind,wind,F-51,15.6758826,0,0.5,0.223932771,wind_FR_SW,,,,,,,,
F-Enipedia wind,wind,F_Mougue,21.25326396,0,0.5,0.223932771,wind_FR_SW,,,,,,,,
F-Enipedia wind,wind,F-76,4.973246557,0,0.5,0.223932771,wind_FR_SW,,,,,,,,
F-Enipedia wind,wind,F-96,4.973246557,0,0.5,0.223932771,wind_FR_SW,,,,,,,,
F-Enipedia wind,wind,F-81,4.766009567,0,0.5,0.223932771,wind_FR_SW,,,,,,,,
F-Enipedia wind,wind,F-118,28.59605739,0,0.5,0.223932771,wind_FR_SW,,,,,,,,
F-Enipedia wind,wind,F-120,4.766009567,0,0.5,0.223932771,wind_FR_SW,,,,,,,,
F-Enipedia wind,wind,F-77,8.578787804,0,0.5,0.223932771,wind_FR_SW,,,,,,,,
F-Enipedia wind,wind,F-28,4.683129477,0,0.5,0.223932771,wind_FR_SW,,,,,,,,
F-Enipedia wind,wind,F-264,4.351535581,0,0.5,0.223932771,wind_FR_SW,,,,,,,,
F-Enipedia wind,wind,F-151,3.812778237,0,0.5,0.223932771,wind_FR_SW,,,,,,,,
F-Enipedia wind,wind,F-63,3.315497706,0,0.5,0.223932771,wind_FR_SW,,,,,,,,
F-Enipedia wind,wind,F-34,3.108260712,0,0.5,0.223932771,wind_FR_SW,,,,,,,,
F-Enipedia wind,wind,F-42,3.108260712,0,0.5,0.223932771,wind_FR_SW,,,,,,,,
IT-Enipedia wind,wind,Villaval,2936.60583,0,0.5,0.199720328,wind_IT_C,,,,,,,,
IT-Enipedia wind,wind,to Sarde,1487.880288,0,0.5,0.199720328,wind_IT_C,,,,,,,,
IT-Enipedia wind,wind,rizzconi,313.2379553,0,0.5,0.199720328,wind_IT_C,,,,,,,,
IT-Enipedia wind,wind,Erzelli,837.9115303,0,0.5,0.199720328,wind_IT_C,,,,,,,,
IT-Enipedia wind,wind,Benevent,729.3963013,0,0.5,0.199720328,wind_IT_C,,,,,,,,
IT-Enipedia wind,wind,Montecor,1014.10788,0,0.5,0.199720328,wind_IT_C,,,,,,,,
IT-Enipedia wind,wind,partanna,264.4878848,0,0.5,0.199720328,wind_IT_C,,,,,,,,
IT-Enipedia wind,wind,Foggia,328.8998529,0,0.5,0.199720328,wind_IT_C,,,,,,,,
IT-Enipedia wind,wind,Popoli,260.9663715,0,0.5,0.199720328,wind_IT_C,,,,,,,,
IT-Enipedia wind,wind,favara,100.6777093,0,0.5,0.199720328,wind_IT_C,,,,,,,,
IT-Enipedia wind,wind,p d sper,78.30948882,0,0.5,0.199720328,wind_IT_C,,,,,,,,
IT-Enipedia wind,wind,capriati,74.39401437,0,0.5,0.199720328,wind_IT_C,,,,,,,,
IT-Enipedia wind,wind,laino,54.87403337,0,0.5,0.199720328,wind_IT_C,,,,,,,,
IT-Enipedia wind,wind,Maddalon,39.1547444,0,0.5,0.199720328,wind_IT_C,,,,,,,,
IT-Enipedia wind,wind,ragusa,43.20015359,0,0.5,0.199720328,wind_IT_C,,,,,,,,
IT-Enipedia wind,wind,S. Giaco,29.3660583,0,0.5,0.199720328,wind_IT_C,,,,,,,,
IT-Enipedia wind,wind,Levante,12.48204979,0,0.5,0.199720328,wind_IT_C,,,,,,,,
IT-Enipedia wind,wind,Calenzan,7.047853992,0,0.5,0.199720328,wind_IT_C,,,,,,,,
IT-Enipedia solar,solar_pv,ragusa,1831.872792,0,0.5,0.143698306,solar_IT_S,,,,,,,,
IT-Enipedia solar,solar_pv,Bellolam,1831.872792,0,0.5,0.143698306,solar_IT_S,,,,,,,,
IT-Enipedia solar,solar_pv,SFMela,1831.872792,0,0.5,0.143698306,solar_IT_S,,,,,,,,
IT-Enipedia solar,solar_pv,Camin,2747.809188,0,0.5,0.143698306,solar_IT_S,,,,,,,,
IT-Enipedia solar,solar_pv,galatina,2224.416961,0,0.5,0.143698306,solar_IT_S,,,,,,,,
IT-Enipedia solar,solar_pv,Vado Lig,1679.216726,0,0.5,0.143698306,solar_IT_S,,,,,,,,
IT-Enipedia solar,solar_pv,Gariglia,1504.75265,0,0.5,0.143698306,solar_IT_S,,,,,,,,
IT-Enipedia solar,solar_pv,Candia,1308.480565,0,0.5,0.143698306,solar_IT_S,,,,,,,,
IT-Enipedia solar,solar_pv,Latiana,654.2402825,0,0.5,0.143698306,solar_IT_S,,,,,,,,
IT-Enipedia solar,solar_pv,brindisi,610.6242637,0,0.5,0.143698306,solar_IT_S,,,,,,,,
IT-Enipedia solar,solar_pv,Erzelli,588.8162543,0,0.5,0.143698306,solar_IT_S,,,,,,,,
IT-Enipedia solar,solar_pv,Villaval,392.5441696,0,0.5,0.143698306,solar_IT_S,,,,,,,,
IT-Enipedia solar,solar_pv,taranto,218.0800942,0,0.5,0.143698306,solar_IT_S,,,,,,,,
IT-Enipedia solar,solar_pv,partanna,218.0800942,0,0.5,0.143698306,solar_IT_S,,,,,,,,
IT-Enipedia solar,solar_pv,mucone,218.0800942,0,0.5,0.143698306,solar_IT_S,,,,,,,,
IT-Enipedia solar,solar_pv,Torvalda,218.0800942,0,0.5,0.143698306,solar_IT_S,,,,,,,,
IT-Enipedia solar,solar_pv,Mantevia,218.0800942,0,0.5,0.143698306,solar_IT_S,,,,,,,,
IT-Enipedia solar,solar_pv,Ciserano,218.0800942,0,0.5,0.143698306,solar_IT_S,,,,,,,,
Milan_waste,other_res,Cislago,893,0,50,0.4,const,,,,,,,,
Geothermal,other_res,Piomigo,893,0,50,0.4,const,,,,,,,,
Naples_waste,other_res,Levante,893,0,50,0.4,const,,,,,,,,
Turin_waste,other_res,Leyni,893,0,50,0.4,const,,,,,,,,
Cremona_waste,other_res,Cremona,893,0,50,0.4,const,,,,,,,,
Antwerpen I,gas,B-2,2643.442623,0,70,0.8,const,,,,,,,,
Rodenhuize,oil,B-6,210,0,162,1,const,,,,,,,,
Ruien,coal,B-6,362.5110522,0,60,0.8,const,,,,,,,,
Herdesburg,gas,B-7,581.5573771,0,70,0.8,const,,,,,,,,
Saint Ghislain,gas,B-12Avel,370.0819672,0,70,0.8,const,,,,,,,,
Antwerpen II,gas,B_meerho,1268.852459,0,70,0.8,const,,,,,,,,
Amercoeur,coal,B_Moncea,47.48894783,0,60,0.8,const,,,,,,,,
Doel,nuclear,B-8,3133.942308,0,11,0.616,const,,,,,,,,
Hydro Liege,hydro,B-18,1428,0,0.5,0.020868381,hydro_1,300000,80,0.45,hydro,const,1177,0.75,2.1
Tihage,nuclear,B_15,2792.057692,0,11,0.616,const,,,,,,,,
Awirs,gas,B-15,1586.065574,0,70,0.8,const,,,,,,,,
Rodenhuize,other_res,B-2,163.6481242,0,50,0.75,const,,,,,,,,
Ruien,other_res,B-12Avel,646.4100905,0,50,0.75,const,,,,,,,,
Genk-langerlo,other_res,B_meerho,454.9417853,0,50,0.75,const,,,,,,,,
WV Wind,wind,B-9,144.4781145,0,0.5,0.21616226,wind_Belgium,,,,,,,,
OV Wind,wind,B-6,165.1178452,0,0.5,0.21616226,wind_Belgium,,,,,,,,
VB Wind,wind,B-10,18.57575758,0,0.5,0.21616226,wind_Belgium,,,,,,,,
LI Wind,wind,B_new1,134.1582492,0,0.5,0.21616226,wind_Belgium,,,,,,,,
AN Wind,wind,B-4,144.4781145,0,0.5,0.21616226,wind_Belgium,,,,,,,,
Wallonia Wind,wind,B-17,619.1919191,0,0.5,0.21616226,wind_Belgium,,,,,,,,
WV Solar,solar_pv,B-9,457.8585859,0,0.5,0.114195546,sol_BE,,,,,,,,
OV Solar,solar_pv,B-6,457.8585859,0,0.5,0.114195546,sol_BE,,,,,,,,
VB Solar,solar_pv,B-10,238.4680135,0,0.5,0.114195546,sol_BE,,,,,,,,
LI Solar,solar_pv,B_new1,438.7811448,0,0.5,0.114195546,sol_BE,,,,,,,,
AN Solar,solar_pv,B-4,476.9360269,0,0.5,0.114195546,sol_BE,,,,,,,,
Wallonia Solar,solar_pv,B-17,763.0976431,0,0.5,0.114195546,sol_BE,,,,,,,,
Bligh Bank,wind_offshore,B-3,171,0,0.5,0.4,wind_Belgium,,,,,,,,
Thornton Bank,wind_offshore,B-3,325,0,0.5,0.4,wind_Belgium,,,,,,,,
Northwind,wind_offshore,B-3,108,0,0.5,0.4,wind_Belgium,,,,,,,,
Spittelau,other_res,A-1,692,0,50,0.75,const,,,,,,,,
Vorarlber Hydro II,hydro,A_Burs,807.5726496,0,0.5,0.341805337,hydro_3,191811.9658,55,0.45,hydro,const,955,0.9,0.6
Vorarelberg Hydro I,hydro,A-29,922.9401709,0,0.5,0.341805337,hydro_3,219213.6752,55,0.45,hydro,const,,,
Verbund Danube,hydro,A-3,1730.512821,0,0.5,0.341805337,hydro_3,411025.6411,55,0.45,hydro,const,,,
Salzburg Hydro,hydro,A-18,807.5726496,0,0.5,0.341805337,hydro_3,191811.9658,55,0.45,hydro,const,930,0.9,0.6
Steiermarj Hydro II,hydro,A-31,692.2051282,0,0.5,0.341805337,hydro_3,164410.2564,55,0.45,hydro,const,50,0.9,0.6
St andra,coal,A-30,100.5567867,0,58,0.8,const,,,,,,,,
Wind Austria II,wind,A-17,833.1818182,0,0.5,0.226753132,wind_eu,,,,,,,,
Donaustadt,gas,A-4,3002.4,0,65,0.8,const,,,,,,,,
,wind,A-36,166.6363636,0,0.5,0.226753132,wind_eu,,,,,,,,
Verbund Hydro,hydro,A-19,922.9401709,0,0.5,0.341805337,hydro_3,219213.6752,55,0.45,hydro,const,880,0.9,0.6
Vorarelberg Hydro III,hydro,A-33,692.2051282,0,0.5,0.341805337,hydro_3,164410.2564,55,0.45,hydro,const,,,
hydroAT,hydro,A-27,692.2051282,0,0.5,0.341805337,hydro_3,164410.2564,55,0.45,hydro,const,,,
Simmering,oil,A-7,576.588785,0,162,1,const,,,,,,,,
Verbund Danube II,hydro,A_st.Pet,2191.982906,0,0.5,0.341805337,hydro_3,520632.4786,55,0.45,hydro,const,,,
Wind austria I,wind,A-5,833.1818182,0,0.5,0.226753132,wind_eu,,,,,,,,
Mitte,oil,A-18,64.06542055,0,162,1,const,,,,,,,,
Silz,hydro,A-24,922.9401709,0,0.5,0.341805337,hydro_3,219213.6752,55,0.45,hydro,const,,,
Tirol Hydro,hydro,A-20,922.9401709,0,0.5,0.341805337,hydro_3,219213.6752,55,0.45,hydro,const,701,0.9,0.6
Verbund Carinthia II,hydro,A-32,692.2051282,0,0.5,0.341805337,hydro_3,164410.2564,55,0.45,hydro,const,,,
Riedersbach,coal,A-35,178.4072022,0,58,0.8,const,,,,,,,,
Hydro Niederosterreich,hydro,A-2,807.5726496,0,0.5,0.341805337,hydro_3,191811.9658,55,0.45,hydro,const,,,
Neudrof Verndorf,oil,A-22,230.635514,0,162,1,const,,,,,,,,
Verbund Carinthia I,hydro,A-26,692.2051282,0,0.5,0.341805337,hydro_3,164410.2564,55,0.45,hydro,const,,,
Durnrhor,coal,A-2,324.3767313,0,58,0.8,const,,,,,,,,
theiss,oil,A-3,499.7102804,0,162,1,const,,,,,,,,
Korneuburg,gas,A-1,667.1999999,0,65,0.8,const,,,,,,,,
Mellach,coal,A-34,567.6592798,0,58,0.8,const,,,,,,,,
Timelkam,gas,A-6,1334.4,0,65,0.8,const,,,,,,,,
AT Solar 1,solar_pv,A-21,76.16666667,0,0.5,0.08777326,sol_AT,,,,,,,,
AT Solar 2,solar_pv,A-31,76.16666667,0,0.5,0.08777326,sol_AT,,,,,,,,
AT Solar 3,solar_pv,A-12,76.16666667,0,0.5,0.08777326,sol_AT,,,,,,,,
AT Solar 4,solar_pv,A-5,76.16666667,0,0.5,0.08777326,sol_AT,,,,,,,,
AT Solar 5,solar_pv,A-22,76.16666667,0,0.5,0.08777326,sol_AT,,,,,,,,
AT Solar 6,solar_pv,A-1,76.16666667,0,0.5,0.08777326,sol_AT,,,,,,,,
coalb1,coal,Bobovdol,383.235202,0,55,0.8,const,,,,,,,,
hydrob1,hydro,Orfey,209.6506371,0,0.5,0.146280421,hydro_3,157829.8397,60,0.45,hydro,const,160,0.9,1.58
coalb2,coal,Chaira,525.5797056,0,55,0.8,const,,,,,,,,
coalb3,coal,Stara Zagora,304.1549222,0,55,0.8,const,,,,,,,,
coalb4,coal,Varna1335,766.470404,0,55,0.8,const,,,,,,,,
oilb5,oil,Peshtera,0,0,162,1,const,,,,,,,,
hydrob2,hydro,Teshel,78.61898891,0,0.5,0.146280421,hydro_3,59186.18988,60,0.45,hydro,const,,,
windb1,wind,Blagoevgrad,509.8947368,0,0.5,0.216598042,wind_eu,,,,,,,,
hydrob3,hydro,Sofia,170.3411426,0,0.5,0.146280421,hydro_3,128236.7447,60,0.45,hydro,const,,,
hydrob4,hydro,Devin,104.8253185,0,0.5,0.146280421,hydro_3,78914.91982,60,0.45,hydro,const,,,
hydrob5,coal,Belmeken,228.1161917,0,55,0.8,const,,,,,,,,
coalb5,coal,Maritsa 2,882.0492745,0,55,0.8,const,,,,,,,,
Kozloduy,nuclear,Kozloduy,2000,0,11,0.888,const,,,,,,,,
coalb6,coal,Maritsa 3,304.1549222,0,55,0.8,const,,,,,,,,
gasb1,gas,Sestrimo,818,0,70,0.8,const,,,,,,,,
Republika,coal,Bobovdol,608.3098445,0,55,0.8,const,,,,,,,,
Varna,coal,Varna1335,1216.619689,0,55,0.8,const,,,,,,,,
Ruse East,coal,Obraztsow Chiflik,608.3098445,0,55,0.8,const,,,,,,,,
Belmeken,hydro,Belmeken,491.3686807,0,0.5,0.146280421,hydro_3,369913.6868,60,0.45,hydro,const,104,0.9,1.58
Chaira,hydro,Chaira,1132.11344,0,0.5,0.146280421,hydro_3,852281.1345,60,0.45,hydro,const,788,0.9,1.58
Dospat-Vacha Cascade,hydro,Peshtera,607.9868476,0,0.5,0.146280421,hydro_3,457706.5352,60,0.45,hydro,const,,,
Batak cascade,hydro,Chaira,393.0949444,0,0.5,0.146280421,hydro_3,295930.9494,60,0.45,hydro,const,,,
NE_wind,wind,Varna1335,131.1157895,0,0.5,0.216598042,wind_eu,,,,,,,,
Central_wind,wind,Cnudomir,50.98947368,0,0.5,0.216598042,wind_eu,,,,,,,,
other_res,other_res,Belmeken,43,0,50,0.75,const,,,,,,,,
NE_cluster_solar,solar_pv,Varna1335,259.5,0,0.5,0.135225835,sol_Balkan,,,,,,,,
SE_cluster_solar,solar_pv,Burgas,259.5,0,0.5,0.135225835,sol_Balkan,,,,,,,,
C_cluster_solar,solar_pv,Plovdiv,259.5,0,0.5,0.135225835,sol_Balkan,,,,,,,,
W_cluster_solar,solar_pv,Sofia,259.5,0,0.5,0.135225835,sol_Balkan,,,,,,,,
Chvaletice,coal,CZ-10,920.6129035,0,56,0.8,const,,,,,,,,
Pocerady,coal,CZ-20,2557.258064,0,56,0.8,const,,,,,,,,
Kladno,gas,CZ-9,481.9241983,0,56,0.8,const,,,,,,,,
Hodonin,coal,CZ-32,920.6129035,0,56,0.8,const,,,,,,,,
detmarovice,coal,CZ-7,1022.903226,0,56,0.8,const,,,,,,,,
Tisova,coal,CZ-27,306.8709677,0,56,0.8,const,,,,,,,,
Hydro NL,hydro,CZ-2,876.4878049,0,0.5,0.099538734,hydro_3,210731.7073,55,0.5,hydro,const,427.5,0.9,0.83
Dolhue Strane,hydro,CZ-6,876.4878049,0,0.5,0.099538734,hydro_3,210731.7073,55,0.5,hydro,const,617.5,0.9,0.83
Porici,coal,CZ-3,818.3225809,0,56,0.8,const,,,,,,,,
Dukonavy,nuclear,CZ-32,2020,0,11,0.838,const,,,,,,,,
Temelin,nuclear,CZ-33,2020,0,11,0.838,const,,,,,,,,
coalCZ,coal,CZ-9,409.1612904,0,56,0.8,const,,,,,,,,
Melnik,coal,CZ-15,1022.903226,0,56,0.8,const,,,,,,,,
Dalesice,hydro,CZ-27,493.0243902,0,0.5,0.099538734,hydro_3,118536.5854,55,0.5,hydro,const,42.75,0.9,0.83
Ledvice,coal,CZ-11,1534.354838,0,56,0.8,const,,,,,,,,
Wind CR,wind,CZ-15,274,0,0.5,0.195813752,wind_eu,,,,,,,,
Vresova,gas,CZ-11,356.6239067,0,56,0.8,const,,,,,,,,
Pocerady,gas,CZ-5,814.451895,0,56,0.8,const,,,,,,,,
Chynov,solar_pv,CZ-19,419.4,0,0.5,0.114019125,solar_eu,,,,,,,,
Bezerovice,solar_pv,CZ-21,209.7,0,0.5,0.114019125,solar_eu,,,,,,,,
Tabor,solar_pv,CZ-30,209.7,0,0.5,0.114019125,solar_eu,,,,,,,,
Zabcice,solar_pv,CZ-31,209.7,0,0.5,0.114019125,solar_eu,,,,,,,,
Dukovany,solar_pv,CZ-32,209.7,0,0.5,0.114019125,solar_eu,,,,,,,,
Prelouc,solar_pv,CZ-4,209.7,0,0.5,0.114019125,solar_eu,,,,,,,,
Bustehrad,solar_pv,CZ-9,209.7,0,0.5,0.114019125,solar_eu,,,,,,,,
Ralsko,solar_pv,CZ-1,419.4,0,0.5,0.114019125,solar_eu,,,,,,,,
Prague_waste,other_res,CZ-5,480,0,50,0.75,const,,,,,,,,
Grohnde,nuclear,D-54,718.9311841,0,11,0.89,const,,,,,,,,
Lichterfelde,gas,D-51,1197.674009,0,57,0.8,const,,,,,,,,
Farge,coal,D-26,393.8898841,0,55,0.8,const,,,,,,,,
Emsland,gas,D-56,2328.810572,0,57,0.8,const,,,,,,,,
Merhum,coal,D-49,679.46005,0,55,0.8,const,,,,,,,,
Hydro Niedersachsen,hydro,D-23,455.1899449,0,0.5,0.19290617,hydro_1,31182.03643,70,0.4,hydro,const,621,0.9,1.51
Gersteinwerk,gas,D-66,5932.922173,0,57,0.8,const,,,,,,,,
Emden,gas,D-27,2772.393539,0,57,0.8,const,,,,,,,,
weltheim,coal,D-91,827.1687565,0,55,0.8,const,,,,,,,,
other_res Germany,other_res,D-85,2225.333333,0,50,0.75,const,,,,,,,,
Herdecke,gas,D-95,1108.957416,0,57,0.8,const,,,,,,,,
duisburg Huckingen,gas,D-100,2384.258444,0,57,0.8,const,,,,,,,,
Bergkamen,coal,D-104,2225.477845,0,55,0.8,const,,,,,,,,
Nossener Brucke,gas,D-94,1386.196769,0,57,0.8,const,,,,,,,,
Merkenich,coal,D-111,162.4795771,0,55,0.8,const,,,,,,,,
Janschvalde,coal,D-62,4382.02496,0,55,0.8,const,,,,,,,,
Dromaghen,gas,D_Rommer,1192.129222,0,57,0.8,const,,,,,,,,
Neurath,coal,D-136,4923.62355,0,55,0.8,const,,,,,,,,
Krummel,nuclear,D-148,713.6449254,0,11,0.89,const,,,,,,,,
Iffezheim,hydro,D_engstl,165.38568,0,0.5,0.19290617,hydro_1,11329.47324,70,0.4,hydro,const,1740,0.9,1.51
Studinger,coal,D-197,2067.921892,0,55,0.8,const,,,,,,,,
Ludwigshafen,gas,D_kuhmoo,2217.914831,0,57,0.8,const,,,,,,,,
Ehmsland,nuclear,D-56,702.5437821,0,11,0.89,const,,,,,,,,
Irsching,gas,D-191,1802.0558,0,57,0.8,const,,,,,,,,
Isar,nuclear,D-190,1359.625739,0,11,0.89,const,,,,,,,,
Pleinting,oil,D-188,651.7536446,0,162,1,const,,,,,,,,
Philipsburg,nuclear,D-177,1206.324237,0,11,0.89,const,,,,,,,,
Ingolstadt,oil,D-172,670.8717515,0,162,1,const,,,,,,,,
Gruddemingen,nuclear,D-170,1359.625739,0,11,0.89,const,,,,,,,,
Biblis,nuclear,D-165/16,1261.301327,0,11,0.89,const,,,,,,,,
Offenbach,coal,D-159,98.47247101,0,55,0.8,const,,,,,,,,
Hydro Rheinland Pfalz,hydro,D-155,455.1899449,0,0.5,0.19290617,hydro_1,31182.03643,70,0.4,hydro,const,298,0.9,1.51
Wind Hessen,wind,D-149,421.8273107,0,0.5,0.174630312,wind_Sgermany,,,,,,,,
Koln Godorf,oil,D-136,183.3600253,0,162,1,const,,,,,,,,
franken,gas,D-129,1802.0558,0,57,0.8,const,,,,,,,,
Niederhausem,coal,D_Rommer,4628.206138,0,55,0.8,const,,,,,,,,
Romerbrucke,gas,D-162,327.1424376,0,57,0.8,const,,,,,,,,
Hurth,gas,D-126,2217.914831,0,57,0.8,const,,,,,,,,
Fimmersdorf,coal,D-126,2461.811775,0,55,0.8,const,,,,,,,,
Neckerwestheim,nuclear,D-181,1023.948311,0,11,0.89,const,,,,,,,,
Lausward,oil,D-108,582.2332559,0,162,1,const,,,,,,,,
Scholven,coal,D-102,1477.087065,0,55,0.8,const,,,,,,,,
Duisbueg Walsum,coal,D-100,3938.898841,0,55,0.8,const,,,,,,,,
Ibbenburen,coal,D-95,1083.197181,0,55,0.8,const,,,,,,,,
Zolling,coal,D-191,1142.280664,0,55,0.8,const,,,,,,,,
Werne,coal,D-88,1246.661483,0,55,0.8,const,,,,,,,,
Bunsbuttel,nuclear,D-12,407.5705462,0,11,0.89,const,,,,,,,,
Lippendorf,coal,D-68,3348.064014,0,55,0.8,const,,,,,,,,
Linden,nuclear,D-65,1184.12195,0,11,0.89,const,,,,,,,,
Kiel,coal,D-4,337.7605756,0,55,0.8,const,,,,,,,,
Schkopau,coal,D-58,984.7247101,0,55,0.8,const,,,,,,,,
Grafen rheinfeld,nuclear,D-161,673.9979851,0,11,0.89,const,,,,,,,,
Moorborg,oil,D-21,173.8009719,0,162,1,const,,,,,,,,
Unterweser,nuclear,D-32,711.0017961,0,11,0.89,const,,,,,,,,
Bexbach,coal,D-162,2363.339305,0,55,0.8,const,,,,,,,,
Kilmoscher,gas,D-41,443.5829663,0,57,0.8,const,,,,,,,,
Wind Rheinland Pfalz,wind,D-155,1124.872829,0,0.5,0.174630312,wind_Sgermany,,,,,,,,
Hadstedt,coal,D-36,590.8348261,0,55,0.8,const,,,,,,,,
Mannheim,coal,D-177,2806.465424,0,55,0.8,const,,,,,,,,
Boxberg,coal,D-176,3446.536486,0,55,0.8,const,,,,,,,,
Huntorf,gas,D-18,2273.362702,0,57,0.8,const,,,,,,,,
Tiefstack,coal,D-21,196.944942,0,55,0.8,const,,,,,,,,
,oil,D-12,373.6720896,0,162,1,const,,,,,,,,
Brockdorf,nuclear,D-16,745.3624777,0,11,0.89,const,,,,,,,,
Wedel,coal,D-16,355.4856204,0,55,0.8,const,,,,,,,,
Hydro Bayern,hydro,D-188,3565.654569,0,0.5,0.19290617,hydro_1,244259.2854,70,0.4,hydro,const,134,0.9,1.51
Thyrow,gas,D-47,820.6284875,0,57,0.8,const,,,,,,,,
Marbach,oil,D-192,695.2038876,0,162,1,const,,,,,,,,
Altbach,coal,D-189,1329.378358,0,55,0.8,const,,,,,,,,
Charlottenburg,oil,D-38,434.5024297,0,162,1,const,,,,,,,,
Mittelsburen,oil,D-32,347.6019438,0,162,1,const,,,,,,,,
Rheinhafen Dampkraftwerk,coal,D-192,844.8938013,0,55,0.8,const,,,,,,,,
Rostock,coal,D-5,500.2401528,0,55,0.8,const,,,,,,,,
Buschaus,coal,D-22,1181.669652,0,55,0.8,const,,,,,,,,
Goldisthal,hydro,D-135,1608.337805,0,0.5,0.19290617,hydro_1,110176.5287,70,0.4,hydro,const,1060,0.9,1.51
Markersbach,hydro,D-122,1587.095608,0,0.5,0.19290617,hydro_1,108721.367,70,0.4,hydro,const,1050,0.9,1.51
Erzhausen,hydro,D-158,333.8059596,0,0.5,0.19290617,hydro_1,22866.82672,70,0.4,hydro,const,300,0.9,1.51
Hohenwarte II,hydro,D-129,482.5013416,0,0.5,0.19290617,hydro_1,33052.95862,70,0.4,hydro,const,463,0.9,1.51
Geesthacht,hydro,D-21,180.5586782,0,0.5,0.19290617,hydro_1,12368.87446,70,0.4,hydro,const,120,0.9,1.51
Niederwartha,hydro,D-94,180.5586782,0,0.5,0.19290617,hydro_1,12368.87446,70,0.4,hydro,const,40,0.9,1.51
Edersee,hydro,D-119,1365.569835,0,0.5,0.19290617,hydro_1,93546.10936,70,0.4,hydro,const,341,0.9,1.51
Walchen,hydro,D-214,364.1519559,0,0.5,0.19290617,hydro_1,24945.62915,70,0.4,hydro,const,49,0.9,1.51
other_cluster,other_res,D-88,2225.333333,0,50,0.75,const,,,,,,,,
other_cluster,other_res,D-53,2225.333333,0,50,0.75,const,,,,,,,,
Almaden Plant,solar_csp,E-156,1.00174216,0,0.5,0.270746476,solar_ES_S,,,,,,,,
BW Solar 2,solar_pv,D-195,1848.111824,0,0.5,0.106576808,sol_DE_S,,,,,,,,
BW Solar 3,solar_pv,D-182,1848.111824,0,0.5,0.106576808,sol_DE_S,,,,,,,,
BY Solar 1,solar_pv,D-210,1792.470389,0,0.5,0.106576808,sol_DE_S,,,,,,,,
BY Solar 2,solar_pv,D-209,1792.470389,0,0.5,0.106576808,sol_DE_S,,,,,,,,
BY Solar 3,solar_pv,D-154,1792.470389,0,0.5,0.106576808,sol_DE_S,,,,,,,,
BY Solar 4,solar_pv,D-190,1792.470389,0,0.5,0.106576808,sol_DE_S,,,,,,,,
BY Solar 5,solar_pv,D-161,1792.470389,0,0.5,0.106576808,sol_DE_S,,,,,,,,
BY Solar 6,solar_pv,D-162,1792.470389,0,0.5,0.106576808,sol_DE_S,,,,,,,,
BE Solar,solar_pv,D-38,74.49364211,0,0.5,0.106576808,sol_DE_S,,,,,,,,
BB Solar 1,solar_pv,D-62,701.0341752,0,0.5,0.106576808,sol_DE_S,,,,,,,,
BB Solar 2,solar_pv,D-19,701.0341752,0,0.5,0.106576808,sol_DE_S,,,,,,,,
BB Solar 3,solar_pv,D-25,701.0341752,0,0.5,0.106576808,sol_DE_S,,,,,,,,
BB Solar 4,solar_pv,D-45,701.0341752,0,0.5,0.106576808,sol_DE_S,,,,,,,,
HB Solar,solar_pv,D-31,37.59295748,0,0.5,0.106576808,sol_DE_S,,,,,,,,
HH Solar,solar_pv,D-23,36.12643781,0,0.5,0.106576808,sol_DE_S,,,,,,,,
HE Solar 1,solar_pv,D-153,856.9636448,0,0.5,0.106576808,sol_DE_S,,,,,,,,
HE Solar 2,solar_pv,D-106,856.9636448,0,0.5,0.106576808,sol_DE_S,,,,,,,,
MV Solar 1,solar_pv,D-3,608.690143,0,0.5,0.106576808,sol_DE_S,,,,,,,,
MV Solar 2,solar_pv,D-5,608.690143,0,0.5,0.106576808,sol_DE_S,,,,,,,,
NI Solar 1,solar_pv,D-29,674.3366097,0,0.5,0.106576808,sol_DE_S,,,,,,,,
NI Solar 2,solar_pv,D-65,674.3366097,0,0.5,0.106576808,sol_DE_S,,,,,,,,
NI Solar 3,solar_pv,D-30,674.3366097,0,0.5,0.106576808,sol_DE_S,,,,,,,,
NI Solar 4,solar_pv,D-53,674.3366097,0,0.5,0.106576808,sol_DE_S,,,,,,,,
NI Solar 5,solar_pv,D-75,674.3366097,0,0.5,0.106576808,sol_DE_S,,,,,,,,
NW Solar 1,solar_pv,D-141,1013.472423,0,0.5,0.106576808,sol_DE_S,,,,,,,,
NW Solar 2,solar_pv,D-123,1013.472423,0,0.5,0.106576808,sol_DE_S,,,,,,,,
NW Solar 3,solar_pv,D-110,1013.472423,0,0.5,0.106576808,sol_DE_S,,,,,,,,
NW Solar 4,solar_pv,D-78,1013.472423,0,0.5,0.106576808,sol_DE_S,,,,,,,,
RP Solar 1,solar_pv,D-145,882.642836,0,0.5,0.106576808,sol_DE_S,,,,,,,,
RP Solar 2,solar_pv,D-178,882.642836,0,0.5,0.106576808,sol_DE_S,,,,,,,,
SL Solar,solar_pv,D-185,386.0645692,0,0.5,0.106576808,sol_DE_S,,,,,,,,
SA Solar 1,solar_pv,D-89,746.3346875,0,0.5,0.106576808,sol_DE_S,,,,,,,,
SA Solar 2,solar_pv,D-98,746.3346875,0,0.5,0.106576808,sol_DE_S,,,,,,,,
ST Solar 1,solar_pv,D-52,563.7571939,0,0.5,0.106576808,sol_DE_S,,,,,,,,
ST Solar 2,solar_pv,D-70,563.7571939,0,0.5,0.106576808,sol_DE_S,,,,,,,,
ST Solar 3,solar_pv,D-79,563.7571939,0,0.5,0.106576808,sol_DE_S,,,,,,,,
SH Solar 1,solar_pv,D-1,479.0775433,0,0.5,0.106576808,sol_DE_S,,,,,,,,
SH Solar 2,solar_pv,D-6,479.0775433,0,0.5,0.106576808,sol_DE_S,,,,,,,,
SH Solar 3,solar_pv,D-11,479.0775433,0,0.5,0.106576808,sol_DE_S,,,,,,,,
TH Solar,solar_pv,D-118,1066.194878,0,0.5,0.106576808,sol_DE_S,,,,,,,,
Gotasol,solar_csp,E-116,1.00174216,0,0.5,0.270746476,solar_ES_S,,,,,,,,
BW Wind 2,wind,D-195,179.3829998,0,0.5,0.174630312,wind_Sgermany,,,,,,,,
BW Wind 3,wind,D-182,179.3829998,0,0.5,0.174630312,wind_Sgermany,,,,,,,,
BY Wind 1,wind,D-210,195.886402,0,0.5,0.174630312,wind_Sgermany,,,,,,,,
BY Wind 2,wind,D-209,195.886402,0,0.5,0.174630312,wind_Sgermany,,,,,,,,
BY Wind 3,wind,D-154,195.886402,0,0.5,0.174630312,wind_Sgermany,,,,,,,,
BY Wind 4,wind,D-190,195.886402,0,0.5,0.174630312,wind_Sgermany,,,,,,,,
BY Wind 5,wind,D-161,195.886402,0,0.5,0.174630312,wind_Sgermany,,,,,,,,
BY Wind 6,wind,D-162,195.886402,0,0.5,0.174630312,wind_Sgermany,,,,,,,,
BE Wind,wind,D-38,2.952791176,0,0.5,0.174630312,wind_Sgermany,,,,,,,,
BB Wind 1,wind,D-62,1225.763728,0,0.5,0.174630312,wind_Sgermany,,,,,,,,
BB Wind 2,wind,D-19,1225.763728,0,0.5,0.174630312,wind_Sgermany,,,,,,,,
BB Wind 3,wind,D-25,1225.763728,0,0.5,0.174630312,wind_Sgermany,,,,,,,,
BB Wind 4,wind,D-45,1225.763728,0,0.5,0.174630312,wind_Sgermany,,,,,,,,
HB Wind,wind,D-31,139.3145624,0,0.5,0.174630312,wind_Sgermany,,,,,,,,
HH Wind,wind,D-23,53.26554061,0,0.5,0.174630312,wind_Sgermany,,,,,,,,
HE Wind 1,wind,D-153,462.3073007,0,0.5,0.174630312,wind_Sgermany,,,,,,,,
HE Wind 2,wind,D-106,462.3073007,0,0.5,0.174630312,wind_Sgermany,,,,,,,,
MV Wind 1,wind,D-3,1142.345818,0,0.5,0.174630312,wind_Sgermany,,,,,,,,
MV Wind 2,wind,D-5,1142.345818,0,0.5,0.174630312,wind_Sgermany,,,,,,,,
NI Wind 1,wind,D-29,1455.427351,0,0.5,0.174630312,wind_Sgermany,,,,,,,,
NI Wind 2,wind,D-65,1455.427351,0,0.5,0.174630312,wind_Sgermany,,,,,,,,
NI Wind 3,wind,D-30,1455.427351,0,0.5,0.174630312,wind_Sgermany,,,,,,,,
NI Wind 4,wind,D-53,1455.427351,0,0.5,0.174630312,wind_Sgermany,,,,,,,,
NI Wind 5,wind,D-75,1455.427351,0,0.5,0.174630312,wind_Sgermany,,,,,,,,
NW Wind 1,wind,D-141,827.8927977,0,0.5,0.174630312,wind_Sgermany,,,,,,,,
NW Wind 2,wind,D-123,827.8927977,0,0.5,0.174630312,wind_Sgermany,,,,,,,,
NW Wind 3,wind,D-110,827.8927977,0,0.5,0.174630312,wind_Sgermany,,,,,,,,
NW Wind 4,wind,D-78,827.8927977,0,0.5,0.174630312,wind_Sgermany,,,,,,,,
RP Wind 1,wind,D-145,1162.283184,0,0.5,0.174630312,wind_Sgermany,,,,,,,,
RP Wind 2,wind,D-178,1162.283184,0,0.5,0.174630312,wind_Sgermany,,,,,,,,
SL Wind,wind,D-185,206.7930119,0,0.5,0.174630312,wind_Sgermany,,,,,,,,
SA Wind 1,wind,D-89,504.6249346,0,0.5,0.174630312,wind_Sgermany,,,,,,,,
SA Wind 2,wind,D-98,504.6249346,0,0.5,0.174630312,wind_Sgermany,,,,,,,,
ST Wind 1,wind,D-52,1302.843327,0,0.5,0.174630312,wind_Sgermany,,,,,,,,
ST Wind 2,wind,D-70,1302.843327,0,0.5,0.174630312,wind_Sgermany,,,,,,,,
ST Wind 3,wind,D-79,1302.843327,0,0.5,0.174630312,wind_Sgermany,,,,,,,,
SH Wind 1,wind,D-1,1348.736668,0,0.5,0.174630312,wind_Sgermany,,,,,,,,
SH Wind 2,wind,D-6,1348.736668,0,0.5,0.174630312,wind_Sgermany,,,,,,,,
SH Wind 3,wind,D-11,1348.736668,0,0.5,0.174630312,wind_Sgermany,,,,,,,,
TH Wind,wind,D-118,1077.264227,0,0.5,0.174630312,wind_Sgermany,,,,,,,,
BARD Offshore 1,wind_offshore,D-22,399.8402769,0,0.5,0.4,wind_Sgermany,,,,,,,,
Alpha Ventus,wind_offshore,D-22,59.97604153,0,0.5,0.4,wind_Sgermany,,,,,,,,
EnBW Baltic 1,wind_offshore,D-2,48.28071343,0,0.5,0.4,wind_Sgermany,,,,,,,,
Meerwind Sud/Ost,wind_offshore,D-12,174.9301211,0,0.5,0.4,wind_Sgermany,,,,,,,,
Riffgat,wind_offshore,D-27,67.97284707,0,0.5,0.4,wind_Sgermany,,,,,,,,
Fyn,coal,DK-7,658.9983165,0,56,0.8,const,,,,,,,,
Asnes,coal,DK-Zealand,1102.15383,0,56,0.8,const,,,,,,,,
Studsrup I,coal,DK-2,521.3594276,0,56,0.8,const,,,,,,,,
Studsrup II,oil,DK-2,220.8333333,0,162,1,const,,,,,,,,
Ensted,coal,DK-8,729.9031987,0,56,0.8,const,,,,,,,,
Nordjylland,coal,DK-1,772.6546717,0,56,0.8,const,,,,,,,,
Avedore I,coal,DK-Zealand,260.6797138,0,56,0.8,const,,,,,,,,
Avedore II,other_res,DK-Zealand,517.2246835,0,50,0.75,const,,,,,,,,
Esbjerg,coal,DK-6,394.1477273,0,56,0.8,const,,,,,,,,
Viborg,gas,DK-3,201.9988152,0,57,0.8,const,,,,,,,,
Amager,coal,DK-Zealand,515.1031145,0,56,0.8,const,,,,,,,,
HC Orsted,gas,DK-Zealand,655.6101896,0,57,0.8,const,,,,,,,,
Helsingor,gas,DK-Zealand,212.6303317,0,57,0.8,const,,,,,,,,
Herning,other_res,DK-4,84.77531647,0,50,0.75,const,,,,,,,,
Hillerod,gas,DK-Zealand,272.8755924,0,57,0.8,const,,,,,,,,
DTU,gas,DK-Zealand,134.6658767,0,57,0.8,const,,,,,,,,
Horsens,gas,DK-6,124.0343602,0,57,0.8,const,,,,,,,,
Kyndby,oil,DK-Zealand,733.1666667,0,162,1,const,,,,,,,,
Skerbek,gas,DK-8,1389.184834,0,57,0.8,const,,,,,,,,
DK Hydro,hydro,DK-3,9,0,0.5,0.202942669,hydro_4,,,,,,,,
Horns Rev,wind_offshore,DK-6,369,0,0.5,0.4,wind_DK2west,,,,,,,,
Anholt,wind_offshore,DK-2,400,0,0.5,0.4,wind_DK2west,,,,,,,,
Baltic Sea,wind_offshore,DK-Zealand,494,0,0.5,0.4,wind_DK2west,,,,,,,,
Zealand Wind,wind,DK-Zealand,590.7960839,0,0.5,0.274438122,wind_DK2west,,,,,,,,
Fyn Wind,wind,DK-7,226.0699301,0,0.5,0.274438122,wind_DK2west,,,,,,,,
Jylland Wind 1,wind,DK-1,396.4477123,0,0.5,0.274438122,wind_DK2west,,,,,,,,
Jylland Wind 2,wind,DK-2,396.4477123,0,0.5,0.274438122,wind_DK2west,,,,,,,,
Jylland Wind 3,wind,DK-3,396.4477123,0,0.5,0.274438122,wind_DK2west,,,,,,,,
Jylland Wind 4,wind,DK-4,396.4477123,0,0.5,0.274438122,wind_DK2west,,,,,,,,
Jylland Wind 5,wind,DK-5,396.4477123,0,0.5,0.274438122,wind_DK2west,,,,,,,,
Jylland Wind 6,wind,DK-6,396.4477123,0,0.5,0.274438122,wind_DK2west,,,,,,,,
Jylland Wind 7,wind,DK-8,396.4477123,0,0.5,0.274438122,wind_DK2west,,,,,,,,
Zealand Solar,solar_pv,DK-Zealand,176.3433551,0,0.5,0.11750696,sol_DK,,,,,,,,
Fyn Solar,solar_pv,DK-7,50.22862676,0,0.5,0.11750696,sol_DK,,,,,,,,
Jylland Solar 1,solar_pv,DK-1,50.34685973,0,0.5,0.11750696,sol_DK,,,,,,,,
Jylland Solar 2,solar_pv,DK-2,50.34685973,0,0.5,0.11750696,sol_DK,,,,,,,,
Jylland Solar 3,solar_pv,DK-3,50.34685973,0,0.5,0.11750696,sol_DK,,,,,,,,
Jylland Solar 4,solar_pv,DK-4,50.34685973,0,0.5,0.11750696,sol_DK,,,,,,,,
Jylland Solar 5,solar_pv,DK-5,50.34685973,0,0.5,0.11750696,sol_DK,,,,,,,,
Jylland Solar 6,solar_pv,DK-6,50.34685973,0,0.5,0.11750696,sol_DK,,,,,,,,
Jylland Solar 7,solar_pv,DK-8,50.34685973,0,0.5,0.11750696,sol_DK,,,,,,,,
Agios Georgios,gas,Koumoundourou,425.0289017,0,88,0.8,const,,,,,,,,
Agios Dimitrios,coal,Agios Dimitrios,1372.701399,0,78,0.8,const,,,,,,,,
Agras,hydro,Amyndeo,53.50413223,0,0.5,0.157523314,hydro_1,39669.42149,62,0.5,hydro,const,,,
Aliveri,oil,Acharnes,390.0588235,0,162,1,const,,,,,,,,
Aminteo,coal,Amyndeo,516.3767019,0,78,0.8,const,,,,,,,,
Asomata,hydro,Agios Dimitrios,115.5689256,0,0.5,0.157523314,hydro_1,85685.9504,62,0.5,hydro,const,,,
Piges Aooy,hydro,Trikala,224.7173554,0,0.5,0.157523314,hydro_1,166611.5703,62,0.5,hydro,const,,,
Edesseos,hydro,Amyndeo,21.40165289,0,0.5,0.157523314,hydro_1,15867.76859,62,0.5,hydro,const,,,
Thesavros,hydro,Fillipi,410.9117355,0,0.5,0.157523314,hydro_1,304661.157,62,0.5,hydro,const,,,
Lavrio I,oil,Palini,307.9411765,0,162,1,const,,,,,,,,
Lavrio II,gas,Palini,1501.768786,0,88,0.8,const,,,,,,,,
Liptol,coal,Kardia,37.00699697,0,78,0.8,const,,,,,,,,
Megalopoli,coal,Koumoundourou,731.5336611,0,78,0.8,const,,,,,,,,
Kardia,coal,Kardia,1075.784796,0,78,0.8,const,,,,,,,,
Kastraki,hydro,Acheloos,342.4264463,0,0.5,0.157523314,hydro_1,253884.2975,62,0.5,hydro,const,,,
Komotini,gas,Nea Santa,572.6083815,0,88,0.8,const,,,,,,,,
Kremasta,hydro,Acheloos,467.6261157,0,0.5,0.157523314,hydro_1,346710.7438,62,0.5,hydro,const,,,
Ladonas,hydro,Koumoundourou,74.90578512,0,0.5,0.157523314,hydro_1,55537.19008,62,0.5,hydro,const,,,
Plastiras,hydro,Trikala,139.1107438,0,0.5,0.157523314,hydro_1,103140.4959,62,0.5,hydro,const,,,
Platanovrisi,hydro,Fillipi,124.1295868,0,0.5,0.157523314,hydro_1,92033.05787,62,0.5,hydro,const,384,0.9,7.5
Polifito,hydro,Agios Dimitrios,401.2809917,0,0.5,0.157523314,hydro_1,297520.6611,62,0.5,hydro,const,,,
Pournari,hydro,Arachthos,357.4076033,0,0.5,0.157523314,hydro_1,264991.7355,62,0.5,hydro,const,,,
Ptolemaida,coal,Kardia,533.5892587,0,78,0.8,const,,,,,,,,
Stratos,hydro,Acheloos,166.9328926,0,0.5,0.157523314,hydro_1,123768.5951,62,0.5,hydro,const,,,
Sfikia,hydro,Agios Dimitrios,337.0760331,0,0.5,0.157523314,hydro_1,249917.3554,62,0.5,hydro,const,315,0.9,7.5
Florina,coal,Florina,284.0071861,0,78,0.8,const,,,,,,,,
Thessaloniki,gas,Thessaloniki,472.2543353,0,88,0.8,const,,,,,,,,
Thisvi,gas,Koumoundourou,495.867052,0,88,0.8,const,,,,,,,,
Agios Nikolaos,gas,Distomo,918.5346821,0,88,0.8,const,,,,,,,,
Agios Theodoroi,gas,Koumoundourou,515.9378613,0,88,0.8,const,,,,,,,,
Anemos Makedonia,wind,Lagadas,35.43701997,0,0.5,0.215897643,wind_eu,,,,,,,,
Antia,wind,Agios Stefanos,45.21274962,0,0.5,0.215897643,wind_eu,,,,,,,,
Arachnaio II,wind,Koumoundourou,46.43471582,0,0.5,0.215897643,wind_eu,,,,,,,,
Aspri Petra,wind,Amyndeo,56.21044547,0,0.5,0.215897643,wind_eu,,,,,,,,
Derveni,wind,Koumoundourou,36.65898618,0,0.5,0.215897643,wind_eu,,,,,,,,
Didima,wind,Koumoundourou,43.99078341,0,0.5,0.215897643,wind_eu,,,,,,,,
Didimos Loftos,wind,Nea Santa,31.77112135,0,0.5,0.215897643,wind_eu,,,,,,,,
Eressou Ipsoma Fourka,wind,Kardia,43.99078341,0,0.5,0.215897643,wind_eu,,,,,,,,
Fokida,wind,Distomo,56.21044547,0,0.5,0.215897643,wind_eu,,,,,,,,
Kalyva,wind,Distomo,43.99078341,0,0.5,0.215897643,wind_eu,,,,,,,,
Karavi - Alogovouni,wind,Lamia,28.10522273,0,0.5,0.215897643,wind_eu,,,,,,,,
Karditsa,wind,Trikala,36.65898618,0,0.5,0.215897643,wind_eu,,,,,,,,
Karistias,wind,Agios Stefanos,26.88325653,0,0.5,0.215897643,wind_eu,,,,,,,,
Kerveros,wind,Nea Santa,37.88095238,0,0.5,0.215897643,wind_eu,,,,,,,,
Kitaironas,wind,Distomo,31.77112135,0,0.5,0.215897643,wind_eu,,,,,,,,
Krekeza Mougolios,wind,Distomo,36.65898618,0,0.5,0.215897643,wind_eu,,,,,,,,
Louzes Agathaki Rigani,wind,Acheloos,29.32718894,0,0.5,0.215897643,wind_eu,,,,,,,,
Machrirachi,wind,Agios Stefanos,47.65668203,0,0.5,0.215897643,wind_eu,,,,,,,,
Magnisia,wind,Larisa,42.7688172,0,0.5,0.215897643,wind_eu,,,,,,,,
Mavrouvouni,wind,Distomo,24.43932412,0,0.5,0.215897643,wind_eu,,,,,,,,
Melissi,wind,Koumoundourou,29.32718894,0,0.5,0.215897643,wind_eu,,,,,,,,
Mytoula,wind,Nea Santa,46.43471582,0,0.5,0.215897643,wind_eu,,,,,,,,
Panachaiko,wind,Acheloos,58.65437788,0,0.5,0.215897643,wind_eu,,,,,,,,
Patriarchis,wind,Nea Santa,48.87864823,0,0.5,0.215897643,wind_eu,,,,,,,,
Perdikovouni,wind,Distomo,29.32718894,0,0.5,0.215897643,wind_eu,,,,,,,,
Profitis Ilias,wind,Agios Stefanos,64.76420891,0,0.5,0.215897643,wind_eu,,,,,,,,
Rachoula - Pashalies,wind,Distomo,48.87864823,0,0.5,0.215897643,wind_eu,,,,,,,,
Rodopi,wind,Nea Santa,76.98387097,0,0.5,0.215897643,wind_eu,,,,,,,,
Scopia,wind,Acheloos,24.43932412,0,0.5,0.215897643,wind_eu,,,,,,,,
Skopies,wind,Agios Stefanos,50.10061444,0,0.5,0.215897643,wind_eu,,,,,,,,
St. George Island,wind,Palini,84.3156682,0,0.5,0.215897643,wind_eu,,,,,,,,
Sterea Ellada W,wind,Agios Stefanos,36.65898618,0,0.5,0.215897643,wind_eu,,,,,,,,
Trikorfo,wind,Koumoundourou,29.32718894,0,0.5,0.215897643,wind_eu,,,,,,,,
Tripolis,wind,Koumoundourou,48.87864823,0,0.5,0.215897643,wind_eu,,,,,,,,
Tsilikoka,wind,Agios Stefanos,25.66129032,0,0.5,0.215897643,wind_eu,,,,,,,,
Viotia,wind,Distomo,76.98387097,0,0.5,0.215897643,wind_eu,,,,,,,,
Zoodochos Pigi,wind,Arachthos,29.32718894,0,0.5,0.215897643,wind_eu,,,,,,,,
GR Solar 1,solar_pv,Acharnes,809.3333333,0,0.5,0.167270949,sol_Balkan,,,,,,,,
GR Solar 2,solar_pv,Acheloos,809.3333333,0,0.5,0.167270949,sol_Balkan,,,,,,,,
GR Solar 3,solar_pv,Thessaloniki,809.3333333,0,0.5,0.167270949,sol_Balkan,,,,,,,,
GR Other RES,other_res,Larisa,46,0,50,0.75,const,,,,,,,,
Sisak,gas,CRT-6,426.0264901,0,70,0.8,const,,,,,,,,
Rijeka,oil,CRT-7,320,0,162,1,const,,,,,,,,
Plomin,coal,CRT-8,320,0,60,0.8,const,,,,,,,,
Jertovec,gas,CRT-17,89.26269316,0,70,0.8,const,,,,,,,,
TE-TO Zagreb I,gas,CRT-2,223.1567329,0,70,0.8,const,,,,,,,,
TE-TO Zagreb II,oil,CRT-2,220,0,162,1,const,,,,,,,,
Osijek,gas,CRT-1,90.27704194,0,70,0.8,const,,,,,,,,
EL-TO Zagreb,gas,CRT-2,90.27704194,0,70,0.8,const,,,,,,,,
HR Hydro 1,hydro,CRT-8,419.8981528,0,0.5,0.443216411,hydro_1,286429.8153,60,0.5,hydro,const,,,
HR Hydro 2,hydro,CRT-16,545.8675986,0,0.5,0.443216411,hydro_1,372358.7598,60,0.5,hydro,const,,,
HR Hydro 3,hydro,CRT-11,377.9083375,0,0.5,0.443216411,hydro_1,257786.8337,60,0.5,hydro,const,276,0.9,2.5
HR Hydro 4,hydro,CRT-6,587.8574139,0,0.5,0.443216411,hydro_1,401001.7414,60,0.5,hydro,const,,,
HR Other RES,other_res,CRT-2,31,0,50,0.75,const,,,,,,,,
Benkovac,solar_pv,CRT-11,27,0,0.5,0.147979029,sol_Balkan,,,,,,,,
Prutna,wind,CRT-8,99.33333333,0,0.5,0.279642058,wind_eu,,,,,,,,
RudineÌÎå«ÌÎ_,wind,CRT-13,99.33333333,0,0.5,0.279642058,wind_eu,,,,,,,,
Komorovac,wind,CRT-9,99.33333333,0,0.5,0.279642058,wind_eu,,,,,,,,
Paks,nuclear,H-21,1891,0,11,0.881,const,,,,,,,,
Literi,oil,H-15,275.9615385,0,162,1,const,,,,,,,,
Dunamenti,gas,H-15,3131.237635,0,70,0.8,const,,,,,,,,
Oroszlany,coal,H-14,510.8823529,0,60,0.8,const,,,,,,,,
Tisza,gas,H-7,1043.745878,0,70,0.8,const,,,,,,,,
Lorinci,oil,H-5,134.0384615,0,162,1,const,,,,,,,,
Matrai,coal,H-5,454.1176471,0,60,0.8,const,,,,,,,,
Ajka,gas,H-18,121.0745218,0,70,0.8,const,,,,,,,,
Gny,gas,H-14,451.9419653,0,70,0.8,const,,,,,,,,
HU Wind,wind,H-13,329,0,0.5,0.219289115,wind_eu,,,,,,,,
HU Hydro,hydro,H-7,57,0,0.5,0.588800769,hydro_3,,,,,,,,
HU Solar,solar_pv,H-10,4,0,0.5,0.199771689,solar_eu,,,,,,,,
HU Other RES,other_res,H-10,171,0,50,0.75,const,,,,,,,,
Vianden,hydro,Lx-1,1234,0,0.5,0.003102045,hydro_1,30000,50,0.5,hydro,const,876.8,0.9,1.89
LU Wind 1,wind,Lx-1,46.63636364,0,0.5,0.158215173,wind_eu,,,,,,,,
LU Wind 2,wind,Lx-2,10.36363636,0,0.5,0.158215173,wind_eu,,,,,,,,
LU Solar,solar_pv,Lx-3,108,0,0.5,0.064776468,sol_BE,,,,,,,,
Redange,other_res,Lx-2,11,0,50,0.75,const,,,,,,,,
Esch-sur-alzette,gas,Lx-3,494,0,70,0.8,const,,,,,,,,
Piva,hydro,Piva,356.2218891,0,0.5,0.291614778,hydro_3,270000,60,0.5,hydro,const,,,
Pljevja,coal,Pljevja,220,0,60,0.8,const,,,,,,,,
Perucica,hydro,Perucica,303.7781109,0,0.5,0.291614778,hydro_3,230000,60,0.5,hydro,const,,,
Bitola,coal,Bitola,605.8125,0,60,0.8,const,,,,,,,,
Oslomej,coal,Vrotok,112.1875,0,60,0.8,const,,,,,,,,
Vrutok,hydro,Vrotok,322.8728606,0,0.5,0.24059437,hydro_1,149814.4712,60,0.5,hydro,const,,,
Spilje,hydro,Vrotok,110.6992665,0,0.5,0.24059437,hydro_1,51484.23007,60,0.5,hydro,const,,,
Kozjak,hydro,Skopje 1,105.4278729,0,0.5,0.24059437,hydro_1,48701.29871,60,0.5,hydro,const,,,
TE-TO Skopje,gas,Skpje 4,250,0,70,0.8,const,,,,,,,,
Negotino,oil,Dubrovo,189,0,162,1,const,,,,,,,,
Bogdanci,wind,Dubrovo,36,0,0.5,0.133181126,wind_eu,,,,,,,,
Borssele,nuclear,NL_Borss,491,0,11,0.912,const,,,,,,,,
Sloe,gas,NL_Borss,1111.235162,0,57,0.8,const,,,,,,,,
Borssele BS12,coal,NL_Borss,1028.352285,0,57,0.8,const,,,,,,,,
ELSTA,gas,NL_Borss,587.5496257,0,57,0.8,const,,,,,,,,
Moerdijk,gas,NL_Geert,982.2297005,0,57,0.8,const,,,,,,,,
Amer Coal,coal,NL_Geert,2763.998514,0,57,0.8,const,,,,,,,,
Amer Bio,other_res,NL_Geert,360.6666667,0,50,0.75,const,,,,,,,,
Claus A,gas,NL_Maasb,585.791424,0,57,0.8,const,,,,,,,,
Claus C,gas,NL_Maasb,1171.582848,0,57,0.8,const,,,,,,,,
Buggenum,gas,NL_Maasb,323.1522941,0,57,0.8,const,,,,,,,,
Swentibold,gas,NL-22,295.0520946,0,57,0.8,const,,,,,,,,
Gelderland Coal,coal,NL-16,1182.846525,0,57,0.8,const,,,,,,,,
Gelderland Bio,other_res,NL-16,360.6666667,0,50,0.75,const,,,,,,,,
Hemweg,coal,NL-13,1520.802676,0,57,0.8,const,,,,,,,,
Almere,gas,NL-13,163.4920697,0,57,0.8,const,,,,,,,,
Diemen,gas,NL-13,895.3745383,0,57,0.8,const,,,,,,,,
Merwedekanaal,gas,NL-13,542.8447628,0,57,0.8,const,,,,,,,,
Langeweide,gas,NL-13,339.7569574,0,57,0.8,const,,,,,,,,
Ijmond,gas,NL-11,183.9285784,0,57,0.8,const,,,,,,,,
Velsen,gas,NL-11,1047.371072,0,57,0.8,const,,,,,,,,
Flevo,gas,NL-8,1098.462343,0,57,0.8,const,,,,,,,,
Harculo,gas,NL-10,447.0486282,0,57,0.8,const,,,,,,,,
Delesto,gas,NL-2,542.8447628,0,57,0.8,const,,,,,,,,
Den Haag,gas,NL-15,153.2738154,0,57,0.8,const,,,,,,,,
Eems,gas,NL-1,3065.476308,0,57,0.8,const,,,,,,,,
Enecogen,gas,NL-15,1111.235162,0,57,0.8,const,,,,,,,,
Gallileistraat,gas,NL-17,293.7748129,0,57,0.8,const,,,,,,,,
Maasstroom,gas,NL-17,546.6766082,0,57,0.8,const,,,,,,,,
Magnum,gas,NL-1,1647.693516,0,57,0.8,const,,,,,,,,
Rijnmond,gas,NL-17,1009.052618,0,57,0.8,const,,,,,,,,
RoCA3,gas,NL-17,278.4474313,0,57,0.8,const,,,,,,,,
Maasvlakte Gas,gas,NL-15,1200.644887,0,57,0.8,const,,,,,,,,
Maasvlakte Bio,other_res,NL-15,360.6666667,0,50,0.75,const,,,,,,,,
OWEZ,wind_offshore,NL-11,108,0,0.5,0.4,wind_Netherlands,,,,,,,,
Princess Amalia,wind_offshore,NL-11,120,0,0.5,0.4,wind_Netherlands,,,,,,,,
DR Wind,wind,NL-6,14.07161291,0,0.5,0.22288587,wind_Netherlands,,,,,,,,
FL Wind,wind,NL-8,797.1154839,0,0.5,0.22288587,wind_Netherlands,,,,,,,,
FR Wind,wind,NL-7,132.4387096,0,0.5,0.22288587,wind_Netherlands,,,,,,,,
GE Wind,wind,NL-14,52.97548387,0,0.5,0.22288587,wind_Netherlands,,,,,,,,
GR Wind 1,wind,NL-1,221.8348387,0,0.5,0.22288587,wind_Netherlands,,,,,,,,
GR Wind 2,wind,NL-2,221.8348387,0,0.5,0.22288587,wind_Netherlands,,,,,,,,
LI Wind,wind,NL_Maasb,4.966451613,0,0.5,0.22288587,wind_Netherlands,,,,,,,,
NB Wind,wind,NL-20,146.5103226,0,0.5,0.22288587,wind_Netherlands,,,,,,,,
NH Wind 1,wind,NL-11,157.2709678,0,0.5,0.22288587,wind_Netherlands,,,,,,,,
NH Wind 2,wind,NL-13,157.2709678,0,0.5,0.22288587,wind_Netherlands,,,,,,,,
OV Wind,wind,NL-9,19.03806452,0,0.5,0.22288587,wind_Netherlands,,,,,,,,
UT Wind,wind,NL-16,7.449677419,0,0.5,0.22288587,wind_Netherlands,,,,,,,,
ZE Wind,wind,NL_Borss,315.3696774,0,0.5,0.22288587,wind_Netherlands,,,,,,,,
ZH Wind 1,wind,NL-13,158.9264516,0,0.5,0.22288587,wind_Netherlands,,,,,,,,
ZH Wind 2,wind,NL-11,158.9264516,0,0.5,0.22288587,wind_Netherlands,,,,,,,,
NL Solar 1,solar_pv,NL-13,293.3333333,0,0.5,0.011156081,solar_eu,,,,,,,,
NL Solar 2,solar_pv,NL-17,293.3333333,0,0.5,0.011156081,solar_eu,,,,,,,,
NL Solar 3,solar_pv,NL-7,293.3333333,0,0.5,0.011156081,solar_eu,,,,,,,,
NL Hydro 1,hydro,NL-16,19,0,0.5,0.246335016,hydro_1,,,,,,,,
NL Hydro 2,hydro,NL_Maasb,19,0,0.5,0.246335016,hydro_1,,,,,,,,
Maxima,gas,NL-8,1124.00798,0,57,0.8,const,,,,,,,,
coalPL1,coal,PL-93,1696.810651,0,56,0.8,const,,,,,,,,
coalPL2,coal,PL-92,1460.369823,0,56,0.8,const,,,,,,,,
coalPL3,coal,PL-91,551.6952663,0,56,0.8,const,,,,,,,,
coalPL3,coal,PL-89,1506.730769,0,56,0.8,const,,,,,,,,
coalPL4,coal,PL-87,556.3313609,0,56,0.8,const,,,,,,,,
coalPL5,coal,PL-86,273.5295858,0,56,0.8,const,,,,,,,,
coalPL6,coal,PL-80,649.0532544,0,56,0.8,const,,,,,,,,
coalPL7,coal,PL-73,834.4970417,0,56,0.8,const,,,,,,,,
coalPL8,coal,PL-68,2596.213017,0,56,0.8,const,,,,,,,,
coalPL9,coal,PL-66,2596.213017,0,56,0.8,const,,,,,,,,
coalPL10,coal,PL-55,463.6094675,0,56,0.8,const,,,,,,,,
coalPL11,coal,PL-49,5563.313609,0,56,0.8,const,,,,,,,,
gasPL1,gas,PL-37,929,0,56,0.8,const,,,,,,,,
coalPL12,coal,PL-34,3245.266272,0,56,0.8,const,,,,,,,,
coalPL13,coal,PL-29,2318.047337,0,56,0.8,const,,,,,,,,
coalPL14,coal,PL-28,1854.43787,0,56,0.8,const,,,,,,,,
coalPL15,coal,PL-12,741.775148,0,56,0.8,const,,,,,,,,
coalPL16,coal,PL-9,649.0532544,0,56,0.8,const,,,,,,,,
coalPL17,coal,PL-1,649.0532544,0,56,0.8,const,,,,,,,,
PL Solar,solar_pv,PL-25,12,0,0.5,0.039706174,sol_PL,,,,,,,,
Polaniec,other_res,PL-66,238.0542635,0,50,0.75,const,,,,,,,,
PL Bio 1,other_res,PL-23,255.4728682,0,50,0.75,const,,,,,,,,
PL Bio 2,other_res,PL-32,255.4728682,0,50,0.75,const,,,,,,,,
Solina,hydro,PL-90,240,0,0.5,0.101219434,hydro_2,41836.7347,60,0.5,hydro,const,200,0.9,1.5
Porabka Zar,hydro,PL-94,600,0,0.5,0.101219434,hydro_2,104591.8367,60,0.5,hydro,const,500,0.9,1.5
Niedzica,hydro,PL-94,111.6,0,0.5,0.101219434,hydro_2,19454.08163,60,0.5,hydro,const,82,0.9,1.5
Roznow,hydro,PL-85,60,0,0.5,0.101219434,hydro_2,10459.18367,60,0.5,hydro,const,,,
Dychow,hydro,PL-52,108,0,0.5,0.101219434,hydro_2,18826.53061,60,0.5,hydro,const,90,0.9,1.5
Wloclawek,hydro,PL-17,192,0,0.5,0.101219434,hydro_2,33469.38776,60,0.5,hydro,const,,,
Zarnowiec,hydro,PL-1,859.2,0,0.5,0.101219434,hydro_2,149775.5102,60,0.5,hydro,const,716,0.9,1.5
Zydowo,hydro,PL-30,181.2,0,0.5,0.101219434,hydro_2,31586.7347,60,0.5,hydro,const,156,0.9,1
PL Wind 1,wind,PL-3,823.8461538,0,0.5,0.232659274,wind_Poland,,,,,,,,
PL Wind 2,wind,PL-10,1373.076923,0,0.5,0.232659274,wind_Poland,,,,,,,,
PL Wind 3,wind,PL-21,549.2307692,0,0.5,0.232659274,wind_Poland,,,,,,,,
PL Wind 4,wind,PL-48,274.6153846,0,0.5,0.232659274,wind_Poland,,,,,,,,
PL Wind 5,wind,PL-2,274.6153846,0,0.5,0.232659274,wind_Poland,,,,,,,,
PL Wind 6,wind,PL-41,274.6153846,0,0.5,0.232659274,wind_Poland,,,,,,,,
Sebes I,hydro,Galceag,274.9569456,0,0.5,0.333975129,hydro_3,188627.1324,60,0.5,hydro,const,,,
Cluj,hydro,Mariselu,590.6482536,0,0.5,0.333975129,hydro_3,405199.0253,60,0.5,hydro,const,92,0.9,0.7
Bistrita,hydro,Dumbrava,763.7692934,0,0.5,0.333975129,hydro_3,523964.2568,60,0.5,hydro,const,,,
slantina,hydro,Borzesti,386.9764419,0,0.5,0.333975129,hydro_3,265475.2234,60,0.5,hydro,const,,,
Sebes II,hydro,Lotru,101.8359058,0,0.5,0.333975129,hydro_3,69861.90092,60,0.5,hydro,const,,,
Targu Jiu,hydro,Hasdat,203.6718115,0,0.5,0.333975129,hydro_3,139723.8018,60,0.5,hydro,const,,,
Buzau,hydro,Raureni,101.8359058,0,0.5,0.333975129,hydro_3,69861.90092,60,0.5,hydro,const,,,
Sibiu,hydro,Doicesti,152.7538587,0,0.5,0.333975129,hydro_3,104792.8514,60,0.5,hydro,const,,,
Curtea de Arges,hydro,Craiova Nord,661.9333876,0,0.5,0.333975129,hydro_3,454102.3559,60,0.5,hydro,const,,,
Caransebes,hydro,Paroseni,168.0292445,0,0.5,0.333975129,hydro_3,115272.1365,60,0.5,hydro,const,,,
Arteq,hydro,Iaz,498.9959383,0,0.5,0.333975129,hydro_3,342323.3144,60,0.5,hydro,const,,,
Cernadova,nuclear,Cernadova,1300,0,11,0.941,const,,,,,,,,
Ramnicu Valcea,hydro,Draganesto Olt,1171.112916,0,0.5,0.333975129,hydro_3,803411.8601,60,0.5,hydro,const,,,
Portil de Fier,hydro,Portile de Fier 1,1191.480097,0,0.5,0.333975129,hydro_3,817384.2402,60,0.5,hydro,const,,,
Oradea,coal,Oradea,180.7508268,0,55,0.8,const,,,,,,,,
Mintia,coal,Mintia,1132.999085,0,55,0.8,const,,,,,,,,
Paroseni,coal,Paroseni,264.5134051,0,55,0.8,const,,,,,,,,
Rovinari,coal,Rovinari,1163.858982,0,55,0.8,const,,,,,,,,
Turceni,coal,Turceni,1454.823728,0,55,0.8,const,,,,,,,,
Halanga Drobeta,coal,Portile de Fier 1,255.6962916,0,55,0.8,const,,,,,,,,
Isalnita,coal,Isalnita,555.4781509,0,55,0.8,const,,,,,,,,
Craiova Nord,coal,Craiova Nord,264.5134051,0,55,0.8,const,,,,,,,,
Govora,coal,Stuparei,176.3422701,0,55,0.8,const,,,,,,,,
Braila Coal,coal,Braila,284.7927662,0,55,0.8,const,,,,,,,,
Borzesti Coal,coal,Borzesti,398.9743861,0,55,0.8,const,,,,,,,,
Iasi,coal,Iasi,132.2567026,0,55,0.8,const,,,,,,,,
Iernut,gas,Lernut,461.8465779,0,70,0.8,const,,,,,,,,
Brazi,gas,Brazi Vest,635.0390446,0,70,0.8,const,,,,,,,,
Petrom Brazi,gas,Brazi Vest,496.4850712,0,70,0.8,const,,,,,,,,
Bucuresti Sud,gas,Bucuresti Sud,317.5195223,0,70,0.8,const,,,,,,,,
Bucuresti Vest,gas,Domnesti,178.9655489,0,70,0.8,const,,,,,,,,
Progresu,gas,Progresu,115.4616445,0,70,0.8,const,,,,,,,,
Galati,gas,Smardan,308.8598989,0,70,0.8,const,,,,,,,,
Braila Gas,gas,Braila,308.8598989,0,70,0.8,const,,,,,,,,
Borzesti Gas,gas,Borzesti,261.2319706,0,70,0.8,const,,,,,,,,
Iasi,gas,Iasi,57.73082223,0,70,0.8,const,,,,,,,,
Fantanele-Cogealac,wind,Isaccea,1680.996885,0,0.5,0.25975345,wind_eu,,,,,,,,
Verbund Casimcea,wind,Tulcea,630.3738317,0,0.5,0.25975345,wind_eu,,,,,,,,
EDP Cernavod,wind,Cernadova,386.6292835,0,0.5,0.25975345,wind_eu,,,,,,,,
RO Solar,solar_pv,Bucuresti Sud,854,0,0.5,0.216012747,sol_RO,,,,,,,,
RO Bio,other_res,Lernut,72,0,50,0.75,const,,,,,,,,
Kolubara,coal,Kolubara,226.9846596,0,60,0.8,const,,,,,,,,
Kostolac A,coal,Drmno,282.4697986,0,60,0.8,const,,,,,,,,
Kostolac B,coal,Drmno,620.4247362,0,60,0.8,const,,,,,,,,
Morava,coal,Kragujevac,100.8820709,0,60,0.8,const,,,,,,,,
Nikola Tesla A (TENT A),coal,TENT A (Tesla),1573.760307,0,60,0.8,const,,,,,,,,
Nikola Tesla B (TENT B),coal,TENT B (Tesla),1210.584852,0,60,0.8,const,,,,,,,,
Kosovo A,coal,Kosovo A,622.4423777,0,60,0.8,const,,,,,,,,
Kosovo B,coal,Kosovo B,623.4511984,0,60,0.8,const,,,,,,,,
TE-TO Novi Sad Gas,gas,Novisad,91.21718376,0,70,0.8,const,,,,,,,,
TE-TO Novi Sad Oil,oil,Novisad,107.6619718,0,162,1,const,,,,,,,,
TE-TO Zrenjanin Gas,gas,Zrenjanin,40.95465394,0,70,0.8,const,,,,,,,,
TE-TO Zrenjanin Oil,oil,Zrenjanin,48.33802819,0,162,1,const,,,,,,,,
TE-TO Sremska Mitrovica,gas,Mitrovica,23.8281623,0,70,0.8,const,,,,,,,,
Djerdap,hydro,Djerdap,1391.632017,0,0.5,0.412161543,hydro_3,935550.9356,60,0.44,hydro,const,,,
Pirot,hydro,Nis,82.46708245,0,0.5,0.412161543,hydro_3,55440.05544,60,0.44,hydro,const,,,
Vlasina,hydro,Nis,132.9781705,0,0.5,0.412161543,hydro_3,89397.08939,60,0.44,hydro,const,,,
Bajina Basta 5 Plants,hydro,B. Basta,646.3357587,0,0.5,0.412161543,hydro_3,434511.4345,60,0.44,hydro,const,,,
Bajina Basta Pump,hydro,B. Basta,618.5031184,0,0.5,0.412161543,hydro_3,415800.4158,60,0.44,hydro,const,614,0.9,0.5
Zvornik,hydro,Zvornik,103.0838531,0,0.5,0.412161543,hydro_3,69300.06932,60,0.44,hydro,const,,,
Vlore,coal,Vlore,98,0,60,0.8,const,,,,,,,,
Koman,hydro,Koman,744.6280992,0,0.5,0.254030276,hydro_1,1352085.967,75,0.6,hydro,const,,,
Fierza,hydro,Fierze,620.523416,0,0.5,0.254030276,hydro_1,91024.02027,75,0.6,hydro,const,,,
Shkopet,hydro,Burrel,29.78512397,0,0.5,0.254030276,hydro_1,,,,,,,,
Ulez,hydro,Burrel,31.0261708,0,0.5,0.254030276,hydro_1,,,,,,,,
Ashta,hydro,Vaui Dejes,65.77548209,0,0.5,0.254030276,hydro_1,,,,,,,,
Vau i Dejes,hydro,Vaui Dejes,310.261708,0,0.5,0.254030276,hydro_1,56890.01264,75,0.6,hydro,const,,,
Ukraine Central,exchange,1512,74,0,0,1,const,,,,,,,,
Ukraine West,exchange,FromUkrainaWest1,640,0,0,1,const,,,,,,,,
Ukraine West II,exchange,FromUkraniaMukachevo,39,0,0,1,const,,,,,,,,
CoalS1,coal,Jablanica,132.5163704,0,60,0.8,const,,,,,,,,
Dubrovnik,hydro,Dubrovnik,179.4684972,0,0.5,0.443216411,hydro_1,122422.8498,60,0.5,hydro,const,420,0.9,2.5
HydroBA1,hydro,Jajce,179.1428571,0,0.5,0.318470985,hydro_1,126082.9493,63,0.4,hydro,const,,,
hydroBA2,hydro,Ugljevik,282.8571429,0,0.5,0.318470985,hydro_1,199078.341,63,0.4,hydro,const,,,
hydroBA3,hydro,Mostar,67.88571429,0,0.5,0.318470985,hydro_1,47778.80184,63,0.4,hydro,const,,,
hydroBA4,hydro,Gacko,545.9142857,0,0.5,0.318470985,hydro_1,384221.1982,63,0.4,hydro,const,,,
hydroBA5,coal,Tuzla 220,552.1515435,0,60,0.8,const,,,,,,,,
hydroBA6,hydro,Rama,150.8571429,0,0.5,0.318470985,hydro_1,106175.1152,63,0.4,hydro,const,,,
coalBA1,coal,Kakanj,425.5247895,0,60,0.8,const,,,,,,,,
CoalB2,coal,Salakovac,463.8072965,0,60,0.8,const,,,,,,,,
hydroBA7,hydro,Grabovica,107.4857143,0,0.5,0.318470985,hydro_1,75649.76959,63,0.4,hydro,const,,,
hydroBA8,hydro,Visegrad,297,0,0.5,0.318470985,hydro_1,209032.2581,63,0.4,hydro,const,,,
hydroBA9,hydro,Capljina HPP,414.8571429,0,0.5,0.318470985,hydro_1,291981.5668,63,0.4,hydro,const,,,
Krsko,nuclear,SV-6,696,0,11,1,const,,,,,,,,
Sostanj 345,coal,SV-3,556.8904594,0,60,0.8,const,,,,,,,,
Sostanj Gas,gas,SV-3,84,0,70,0.8,const,,,,,,,,
Trbovlje,coal,SV-3,116.0188457,0,60,0.8,const,,,,,,,,
Ljubljana,coal,SV-5,115.0906949,0,60,0.8,const,,,,,,,,
Brestanica,gas,SV-6,355,0,70,0.8,const,,,,,,,,
Soca/Sava Rivers,hydro,SV-4,187.4755672,0,0.5,0.554476878,hydro_3,410645.7243,60,0.5,hydro,const,,,
Avce,hydro,SV-4,191.6186736,0,0.5,0.554476878,hydro_3,419720.7679,60,0.5,hydro,const,185,0.9,0.07
Drava River,hydro,SV-1,659.7897033,0,0.5,0.554476878,hydro_3,1445200.698,60,0.5,hydro,const,,,
Sava River,hydro,SV-6,148.1160559,0,0.5,0.554476878,hydro_3,324432.8098,60,0.5,hydro,const,,,
SI Solar,solar_pv,SV-5,130,0,0.5,0.199716701,solar_eu,,,,,,,,
SI Other RES,other_res,SV-5,20,0,50,0.75,const,,,,,,,,
SI Wind,wind,SV-8,1,0,0.5,0.434877147,wind_eu,,,,,,,,
Vojany,coal,SK-2,316.2917933,0,60,0.8,const,,,,,,,,
Kosice,coal,SK-10,720.2826748,0,60,0.8,const,,,,,,,,
Cierny Vah,hydro,SK-5,901.9322034,0,0.5,0.191916764,hydro_3,224237.2881,60,0.5,hydro,const,73.5,0.9,0.31
Novaky,coal,SK-15,382.4255319,0,60,0.8,const,,,,,,,,
Mochovce,nuclear,SK-19,940,0,11,0.907,const,,,,,,,,
Malzenice,gas,SK-21,643.8186813,0,70,0.8,const,,,,,,,,
Bohunice,nuclear,SK-21,1000,0,11,0.907,const,,,,,,,,
Bratislava,gas,SK-23,326.4010989,0,70,0.8,const,,,,,,,,
Gabcikovo,hydro,SK-24,883.5254237,0,0.5,0.191916764,hydro_3,219661.0169,60,0.5,hydro,const,,,
Liptovska Mara,hydro,SK-8,245.4237288,0,0.5,0.191916764,hydro_3,61016.9492,60,0.5,hydro,const,19.8,0.9,0.31
Vah River,hydro,SK-12,429.4915254,0,0.5,0.191916764,hydro_3,106779.661,60,0.5,hydro,const,,,
Ruzin,hydro,SK-2,73.62711864,0,0.5,0.191916764,hydro_3,18305.08475,60,0.5,hydro,const,8.4,0.9,0.31
Levice,gas,SK-20,119.7802198,0,70,0.8,const,,,,,,,,
SK Oil,oil,SK-23,238,0,162,1,const,,,,,,,,
SK Wind,wind,SK-23,3,0,0.5,0.228310502,wind_eu,,,,,,,,
SK Solar,solar_pv,SK-23,534,0,0.5,0.101756366,solar_eu,,,,,,,,
SK Other RES,other_res,SK-23,318,0,50,0.75,const,,,,,,,,
Turkey,exchange,TR-Babaeski,225,0,0,1,const,,,,,,,,
NorNed,exchange,NO-Feda,611,0,0,1,const,,,,,,,,
Skagerrak,exchange,NO-Kristiansand,1235,0,0,1,inflow_tx_no_dk,,,,,,,,
KontiSkan,exchange,SE-Lindome,760,0,0,1,inflow_tx_se3_dk1,,,,,,,,
SE4-DK2,exchange,SE-Soderasen,1379,0,0,1,inflow_tx_se4_dk2,,,,,,,,
Baltic,exchange,SE-Kruseberg,612,0,0,1,inflow_tx_se_de,,,,,,,,
SwePol,exchange,SE-Starno,341,0,0,1,const,,,,,,,,
